5a6988
4a7288
517183
4f6e8a
616b88
407786
816785
6e6686
7f6584
646a80
716382
8f607e
666582
596786
886083
8b617f
7e6281
886683
6a6a82
766680
82697e
59727f
84697e
65767d
6a6e7a
806b7c
6a737b
86757a
9c7677
866e7c
88737c
9e7478
8b7678
75787d
6b7977
877d70
807973
767878
737a76
587b78
6c797c
787079
5e777a
757678
6a747c
817a78
807978
7b7c75
807c76
958072
8d8074
717c78
788275
747f78
627e7a
8c7f77
777d77
507e7b
6f8176
86876e
6f8174
708477
918270
747f73
598176
698175
838470
778871
818971
908871
808770
998671
788475
7d8474
7f8675
6e8375
6f8276
70807b
787f79
877f77
848075
838372
5e8078
898173
8a8470
6e8475
717e78
6f7e78
637b7b
787e77
688078
747d75
8e8671
8f8571
858372
53887d
968377
957e75
807d79
977f76
7b7e79
897778
75787e
7d747d
7e7b74
7b7f76
747a7c
89757c
9f717c
856f80
897b7b
a3707f
a36e7f
80717e
9f6881
906884
8e6782
a1697e
8f6c7f
906681
8c707b
797580
9e6584
7d6a82
5b7282
657083
6a7182
697180
62678a
556f87
5a7084
4d7383
4e7385
3f7783
7d6585
656c88
6d6589
876085
7f6281
9c5c85
825a84
5c6c82
816183
905d83
6d677f
616b83
756b7e
86677d
816280
776c7c
836e7e
9b6c7b
85677d
78707e
8e727b
8f747a
96777a
87717b
85747d
987975
927c73
6b7e76
737978
6a7e76
707e71
507d7c
817a74
6f8075
987976
747d7b
797979
7c7b7b
737e78
897c75
8f7e76
8a8073
658078
657d7a
667e76
5c7d78
6e8076
597f7b
627e79
56807a
5a7e79
708274
688475
608076
717d75
567d79
5d7b7a
7f7871
6a7d73
5a7d77
788373
828871
778572
748474
7d8375
95836d
668473
728274
768073
738273
658478
7b8374
678178
607d7a
597e7b
597b7b
687f75
617e7a
617d7b
5a8279
6d8076
618279
5c8278
6f8474
6c8674
848870
8a8774
a28c71
a08972
898774
8f8174
617f7c
66807b
8b7d78
877e75
797c7a
70797d
a07879
a2787b
837b7d
a27a78
91767e
8a6e7e
9e707a
8a757c
976b81
9a6885
856c82
767081
846882
806a80
806f80
8e6980
886c7d
80717b
757281
886f80
996281
88667e
6f6c81
626e84
766a80
40728a
5a6b88
845d8a
825e87
676882
806280
896185
7d6184
706782
6d6683
7e5985
7c6183
8e6180
965b80
8e5e83
8a5886
75667f
82687b
81687c
976b7a
80717a
6d6b7e
706f7b
7d6b7e
716c7b
6a6f7b
736b7b
6b727f
98727b
8f7476
727678
7b7b7b
9a7b76
747e78
7a7f73
707f74
7b8170
728073
717d77
7b7b74
837a78
7d757c
597b7f
60807c
7d8177
908174
758475
747f77
7b7e73
4d797c
5c797b
477b7e
527c7c
5e8379
707f75
6c7b76
637d78
737e76
6a7e78
577a7a
53797c
587b78
577c7a
697a74
627a76
5e7c78
507a7c
557b7c
657f78
577d79
647d7a
697c77
607e75
6e7a74
547d7a
5d7e7b
5e807b
757f77
668079
5a817a
618178
5d7e7a
6b8075
578178
5c837a
7e8174
638075
688675
7e8573
85886e
85896e
7b8a73
878974
9a8874
838376
988476
768278
908174
747d79
697c7e
96797a
81797c
8c797a
827a7c
73787e
827b78
887678
687280
8a747d
96767b
7f727f
986886
976d83
8b6e82
97707f
9e6a7f
926e7c
8b6c7d
9c6882
8e747a
84717c
7f6c84
966386
946086
7a6b81
6c7280
5d6f82
666b83
526b88
4b6d89
6e6689
5d6f86
786c7f
955f85
855e86
7e5986
875f84
88627f
636a80
7d6981
9a6280
87667c
a15b81
706680
666980
a0637d
95667f
9a637f
946a7b
5b797d
857575
8c7276
7c687c
8c6a7c
68767a
61757b
827977
817877
837776
6d7f77
7a7e76
788074
758475
787e73
8b826f
7e7d75
66797a
627b79
757978
54797b
557d7c
477d80
637b7a
717d76
6a7e78
5c7b7a
4c7e80
4a7b81
417b80
5d7d79
758373
5b7e7b
60797b
4f787f
447882
4e7980
457681
407881
557a7c
607a7a
4f7a7d
417980
45767e
58797a
5e8077
748173
778771
527f7b
547f7a
688872
928b67
728570
5b8376
938b6e
778574
577f79
6f8175
6c7f76
728072
688276
7d8273
6c8274
728474
728176
768671
828772
71827a
7d8576
998474
918676
978876
8d8675
7f8677
9c8771
8b8171
7c8173
70767c
7f7779
79757b
747a7c
6f7d7c
607c7f
8c7a7c
a27877
7e757b
786c80
8a727c
85727e
98717f
6d7381
76777e
996b80
a86283
966485
a76281
91697f
a3687f
8b6f7c
836b7e
687083
876782
966581
7a687f
7d6283
7b6282
656e7e
5a6889
4b6c8a
506e84
5b6a83
616d7f
6c6e82
726385
7f6185
746d7f
9e5d82
85627f
796581
925b84
8e6380
89657f
8c667e
646c7e
8a637e
a06180
686b80
7c6980
84707d
9e6b7b
956c7d
746f7c
75717b
83727a
7f707c
8d7c71
6b7d76
727d79
a4886f
928371
86866f
7d8273
758077
5f8079
6a7f7a
598079
6a7a7b
507b7d
5b807a
628279
4e7c7c
5a7c7b
677f78
507b7c
537b7f
517f7e
587f7b
708275
718375
667c79
4d7881
4f7b7f
5f7f79
437f80
567f7d
658476
4e7f7a
4c797e
4b7b7c
4e7f7b
427d7e
4f777b
4d7a7a
547d79
6b8373
6e8a6f
728d6e
8c9068
8e8d6b
aa8a6a
8c856d
8c896c
8f8870
7d8572
768572
658678
6f8475
738273
6f8478
7b8871
888573
8d8572
8d8972
978573
958573
838376
8a8674
9e8673
918a72
7d8774
8e8872
858975
8f8871
8a846f
868172
728277
62787b
64747b
6c737d
527b81
717a7e
9b7879
6e7c7c
846f7e
8d7281
84797d
927679
9b6d7f
956e7d
90757a
9f6481
736783
716a81
966b80
9c6b81
9c6a80
9b6880
8f677f
7d6682
756a86
7e6a85
6e6a80
806681
756d7d
85697c
3e7488
487086
606685
546d86
6a6982
806082
966283
8e5d85
896186
856381
9d5882
766082
925e85
955d7f
826680
8b6780
93667b
85647d
8e657c
896d7a
7d6f7b
81677e
96637f
5a7082
6a6a7e
716e7c
587182
6f727c
887479
647b78
797e76
757d75
767e76
648278
738572
6a8176
6f8474
7a8274
878373
757e77
6e8174
63827a
737c76
55787d
537a7e
497c82
567f7f
607f7a
818673
828a71
7c8477
748577
6d8179
5a837b
557f7c
758772
5f8478
55807a
688772
7a856f
788371
597c78
7f8772
7d886f
6d8274
728770
7c896f
978f6b
9a9168
999367
a79268
a48d6a
978771
a9896d
94886f
848270
7f8372
507e80
63847c
818774
828574
9a876f
9c8d6c
958772
a58872
89896f
8e8971
888774
8a8277
8a8673
7d8375
7e8470
6d8275
7a8472
788772
778375
6e7e78
777e75
7c7d74
667f77
597e7f
8c7d75
6f7c7b
7f737c
617d7c
667e7c
687a7e
7e7280
9e6e7d
6e757e
7d7180
a66880
8b6f7d
876e7d
867079
956a7d
746e7f
856d7f
956d7e
7f687e
88697f
7c6b7f
726b7e
80727d
786f7c
796c7f
786c7e
746780
566a88
4c6d84
6c5f85
5c6886
686584
826086
7f5e88
766484
776385
926681
966180
876182
796683
965f82
8b5d80
7e627f
856880
96677d
90667c
84677d
896b7a
866c7d
7d6d7e
4e7181
716880
88657d
60717c
57757e
4a7a80
617e7a
8a7d74
65787a
7b7e76
618276
7f8274
83856f
838274
768378
798175
7a8075
58827a
6b7f7a
747e77
597e7a
71817a
728175
527b7c
4c7b7e
688278
788576
668579
768678
858573
8b8672
738477
828972
918b6e
94896e
758574
858570
748274
557b7c
728277
96896e
8b8b6d
928c6c
918e6b
a38d6d
9d8c72
a68d70
a68d6f
9c8971
7b8271
698375
627e75
667c76
507d7d
3e7f7f
7d8374
818871
668377
768373
6c8377
6f8276
758574
628378
5e8178
5d8278
587e7b
788176
728272
637b77
617a79
547c7f
617d7a
647e79
5a7e7d
667e7b
6c7a78
5d7e7b
61777e
677a7d
4d7a83
7a767b
847a7b
6e7b7f
5c7681
846d7e
547782
5f7182
786d82
856785
8c6f81
aa717a
a46e7b
946e7e
91727c
9c757b
9e6e7c
a36d7c
9b6581
aa5f82
9d6e7c
8f777d
696f82
756981
6e6b7f
5b6d83
4f6f86
5a6d85
795f88
715d86
666984
63727f
766d7f
7c667d
6f6c7d
7e6a80
a66080
866780
75677f
776281
6d6680
7a687e
7f697d
86657f
71687f
696c7d
846c7a
846b81
5a727f
69727d
66747d
587783
67747e
5d777d
63777b
7d7774
6a7b7a
517e7c
5b7d7c
5e7b78
637c78
717c75
637d79
698074
657e75
627d77
56817a
537c7b
738071
5e8378
657b7a
5f7d79
407b81
547d7d
4b7d7c
4a7d80
5e837b
6a8778
758877
698579
7b8875
958774
8c8a70
9e8b72
a48970
8c8871
5e8077
587b7b
788772
968a6e
788a70
808870
918a6e
978a71
7b8775
938c71
7d8b73
6c8477
5b7d7a
48797e
667b77
4d7d7c
3e7c82
5e7c79
698176
5b8179
628178
557e7b
4f7b7c
597d7a
4a7f7f
417d81
497c7e
527f7e
477c7f
57797d
51797c
567c7a
567a7c
4d787f
4f7982
5b797c
477880
487583
5a797d
5b7a7e
527780
4f7781
497983
687580
67777f
577981
65777f
657082
846e80
82717e
677081
6d707d
68787c
8f6f7f
a86680
a76d7c
a4697f
986b7e
96677f
787280
966980
a1667f
90737d
916882
85647e
656d7d
5b7380
6a747d
5a6a82
616586
626884
6f6482
786681
68707f
9e6281
7b5d84
836582
796884
ab5f82
966681
a1647e
9b6080
82637f
776480
a0647e
aa627d
856a7b
776680
686a7f
5f6f7e
457682
537081
6e737d
60777e
63737b
61737e
557680
4f787d
5d777b
59787c
4e7c7f
547e7b
4c797b
59797a
507a7f
5a7a7a
4c7a7d
3c7b82
557d7c
4e7a7c
5b7a7b
53797f
517880
527680
457782
487982
447782
497581
477880
467c81
487e7f
64817a
758474
718574
818674
748573
708675
898875
9f896b
73836f
547a7a
5b7d79
618376
6b8173
6d8277
7d8972
788871
718474
728076
537c7e
4e737f
53747f
4c7680
4c787f
58777c
607979
617d79
5a7c7a
547d7c
517b7c
567b7a
54797c
5d7a7a
517b7f
517c7e
517a80
567a80
497582
4c7581
50777e
4d7580
4c757f
4e7781
457683
4a7a7f
467a80
4a7c7f
5d7d79
6e7d77
5c7b7c
627b7d
587a7f
627282
6f7081
57707f
607282
806f82
886b81
836e7e
846e7d
986a7e
9c6982
a26982
986384
936582
8f6681
8e6c80
87737a
886f80
766b82
6f6685
965b87
8b6482
6c6e80
677280
886f7b
4c6d85
5e6a82
4d6f85
6e5f85
915887
945d86
7c6285
9b6084
816980
606d83
816083
8f5c82
906280
8a6681
85697e
7b6b7a
9a607e
866382
64707f
786d7b
74717d
6f6f7c
637381
4f7380
537a80
7b6d7d
63707e
55727f
567481
487583
487584
447584
4f7583
497484
4d7581
457b83
52787f
447882
487881
457784
3c7885
467783
3f7486
377787
427787
507583
4a7584
3d7786
497382
497482
3a7686
467982
4b7781
507f80
638777
788774
6f8577
658375
507e7b
507d7d
5f8279
667c76
5a7a77
387b81
638575
7d896e
6e8474
607c79
4f767d
4c7480
517682
4b7581
4c7680
4c7781
52777f
59747f
52767f
52777d
55797d
527a7f
4b7780
45767e
397a82
417a7f
467d7e
467b80
4c7c80
527c7f
4d7b82
497882
4d767e
51787e
4c7581
467681
4e7680
54767e
4c7a80
497783
50767f
447983
447883
417a86
517d84
4d7885
477986
657680
71747b
6d7c7b
70757d
837380
8b737d
906e7e
8f6a80
896b7d
876980
7d6782
8c6980
906a7e
ab6481
95727a
75767b
6d717e
7d6482
8c6283
646f82
736a83
7f697e
816c7d
696686
8b6384
676a84
526b84
736386
805e89
606b88
706983
916284
93657f
806a7d
985f80
885c84
876381
8b657f
a66380
8b697f
5d6e81
64707e
8c6c81
856e82
577580
66717f
66787e
4c7b81
597380
477582
3f7b86
497a83
4c7582
487885
467685
497483
457685
447885
3d7786
3f7884
4a7782
447785
3e7788
467884
4a7682
447783
427885
447786
487883
4b7784
497784
487682
417785
427986
437984
437786
437a84
557980
4d7882
487c81
648079
727e76
447880
4f7880
51797d
497680
48777f
627b78
607c79
52797e
467681
4d7681
4d7582
417484
457482
417883
447684
457683
3d7a83
417c83
437e82
468280
42817f
457e80
427c81
477982
4d7583
467785
3f7686
397787
3d7d81
3c7d83
417a82
467881
487883
497982
57797e
4a7a81
4c7680
417982
4d777d
53757e
437784
497883
477783
457984
4c7a83
667d7d
647c7d
667c7c
8b797b
9d767e
9b767c
717180
796785
946782
9a6e7d
956d7f
8a727b
93767c
ad6b81
b66b81
a0727b
8b777c
85727f
906b7c
7f6c79
71677e
7d677e
866b7d
607380
616686
6b6589
716685
536e83
5d6b86
915887
6d6785
6c707f
6d7082
976085
a26082
aa5f82
826581
666d80
8e6483
9b677d
816c7c
7b6b80
8f6581
687481
626f80
557583
437b85
5f797d
5a7c7e
4f7e7e
657a7c
457b83
507a83
427b83
497981
447b84
517b81
487984
487882
3f7a83
457981
4c7a81
3b7b83
3b7c83
3b7f81
3a7e82
348281
348280
367f82
397f82
3d7d83
377d82
3d7c85
3f7b83
3a7d85
467b82
507a7f
427b84
4c7982
477983
477a83
467a83
4f7981
487982
51777e
547b7d
4f787f
447382
3d7480
42747c
42767f
437881
557980
4f7782
397783
317982
3c7a85
4a7981
5a7c7c
668076
5b7d79
3b7f83
4f837a
646a89
6f5697
6f5893
8b4898
983ea0
963fa4
8548a1
7c4d9f
665b97
627f77
417d7b
347784
3c7a83
56797b
457b80
4f787e
4c787e
487980
4a7880
4a7981
4b787f
4d7681
517b81
527d80
537a81
6c7a7e
757a7a
797d79
7d7b7b
7f737b
77767b
726e7f
76697f
8a6e81
a5707f
a0727b
8f767a
81747d
9b6483
a06681
95697e
8a667f
726d81
77727c
95737c
90747a
806e7e
766a7f
527284
4c7083
616b83
556c83
6f6881
577182
7c6384
985687
876185
996484
915b87
805a88
7b6386
956581
7b6a7f
706e81
946383
91677f
85697f
836a7e
837380
876f80
707281
487d84
6e767d
5a7b80
398183
567f81
557d80
447c81
497f7d
457e81
487b82
467e80
467b80
497b80
427b80
397e81
397f83
3e857b
467d80
506c8e
456e91
526897
596794
4f6a92
41718f
40738e
3d768c
408080
368280
437e7f
3b7f80
3b7d81
397d82
3b7c83
417983
417c83
387e82
3a7b82
497981
4b7b7f
5a7b7d
707d75
617e78
747c74
5f7a77
59777a
56777c
4a787f
3c7982
397a81
527885
6e748b
777c7d
847c75
817c73
447e7e
348480
727a7a
804f9c
8846a5
8c44a3
735599
5c5f94
7150a1
8f3fa6
8844a2
8248a0
896b7e
67866f
287a83
3b7c83
677b78
697c77
4e797d
487780
50787e
507780
4b7881
4f787f
5e787a
5b7980
547c80
5a7c7f
77797c
707a7e
787a7b
99787d
ab6e7b
7b767a
78757e
8f6b7f
8d6b80
906f80
846c81
7b6e7e
986880
aa6680
9e6580
8f6780
a06282
a3617e
756f7c
4b7b83
826d81
8d657e
636d82
616b83
626e80
816482
806284
786683
6f6c80
8b6480
915f82
746783
866d7f
a26382
726782
606a7e
7a6683
906283
956682
9e6480
95687d
8c697f
716b7e
686c81
706c81
677483
5c7782
507a82
507b83
477e83
487c82
487e81
5c7f7d
407c81
507f7e
557c7e
4d7d7d
4b7d7b
437d7c
3b7b7f
307e83
2b8380
6b7e73
70569a
8145aa
8446b2
8149ae
5e5f9d
5e609c
774eaa
7452a9
6f57aa
776b8c
428878
527d7d
7e7f73
577d7b
407b81
307b83
367c82
407984
3b7983
3e7b82
487880
4d767f
4e757e
5c787a
55797c
59747c
55767b
5d767a
4c777e
3d7b81
447c82
627784
797189
707485
777579
6e7678
49787c
377d82
498479
87717b
8b449e
8e42a1
88499f
5a6f86
727a7e
3d7689
8048a1
913ea2
804aa1
825f8d
85876a
33817f
637c7c
727a79
7e7679
787a77
5b787b
5c7b7a
5f7b7b
55787b
617a79
607c7b
6d7b7a
727c7c
837b78
688079
777c7a
8a727e
8c767b
7c747e
75727b
7f737c
9b6880
8a6e7e
74787d
9c7080
b26780
aa687c
70787d
6f7282
996480
996d7b
7f717e
8b7182
927480
856d7f
7f6e7f
816981
8a657e
7f6581
6e6488
856285
796386
7e6185
905d86
806787
876881
8d6780
985e85
ad5983
9c5d80
88657f
a16081
9f6a7f
af6a7e
936b7c
8c6d80
866d7b
8a6a7b
766e7e
587681
557984
447a83
477c82
5a7b7f
557b7f
447c81
457b82
417b82
4b7c7f
57797b
517c7a
557b79
547a7c
457d80
318183
3b857e
797678
7849a5
7b49a9
8446ac
427095
328281
667485
4c679b
7254a8
7453ad
8b5e9c
628676
2b8384
5d7b7c
797974
6c747c
4c767e
327b82
317b83
367a83
417983
417782
49737f
48707e
467380
3f7581
3c757e
4a747b
4c767c
407880
497a7f
617784
6d728c
727289
78757e
7c7775
54777a
367983
367d83
3d847b
84747b
85489d
8845a2
913fa3
715197
4e6a8b
526393
8844a7
8448a6
8349a9
8a658a
7c896e
307f83
5b7d7d
84797a
90797a
8e7b79
787876
667b78
5c7e7d
677e77
6b7e75
697f77
718178
6c7c7c
7c7778
637d7e
837b7d
937d7a
7d7b7d
83757e
916f7a
926f78
8e707c
946e80
94707e
89727e
8a6e82
876a7f
676c82
926282
926782
956c80
95687d
7d6f7d
687483
756c81
6c6f7f
707082
6f7184
6c618a
6f6488
9f5d84
8c6383
5f6883
776286
627483
756a83
856284
8d6284
946082
916182
a25a83
a85b84
916880
916c7f
97697e
8e6d80
9f6b80
906d7e
77767d
6a787d
77767e
577c7e
707d7b
627b7e
5f7c7b
4b7c7e
437c82
487b80
5b787d
617b7b
607b79
5f797a
4e797b
66767d
5d787e
35817d
7d7977
754ba3
7a47ab
8a41b2
7653a1
45718c
476d95
6759a6
7651ac
7550af
8f5f92
5b8676
248084
2f8084
667c7a
807978
74747d
4c7582
327a85
2e7c84
3e7683
457584
457382
457481
4a7780
4b757e
52727a
4d757e
4c717d
3c7781
4e7885
686f89
5a728b
6e7883
887578
527478
377a7f
2e7c84
2b7e83
288180
668275
7e5995
8841a7
903bab
9936ad
913baa
923da8
8a43aa
7d4ea6
7354a5
927779
518876
2b7e85
5c7d7c
85797d
9c787d
97797a
7c7876
6d7f76
60817a
697e78
677c7a
637e7c
718278
788379
8a7c78
7b797b
6a7980
7c7b7b
9c747d
97757e
8e727d
857180
947081
93717f
7d6e7f
83677d
7b6b7d
79697e
86697f
6d6f7f
876982
9d6580
a35f80
7f6a7e
806d80
806c80
71727f
5b7080
6a677d
5e6c85
6e6687
785f89
826585
6a6d81
756883
836983
6d6d81
726980
846482
9a6085
966480
9b667f
976381
8f6782
926980
9f6a7e
9e6880
897181
90727f
85727f
797a7f
7d787e
7a7a7c
667d7e
7c7d7c
687d7c
58797d
657a79
537b79
647e77
757e76
817a78
84777b
817575
597674
3c787f
317f7f
697d6f
705a98
833fb1
8441b3
8f3bb3
8144b0
8341b2
8345b4
784dac
7550ab
7f7486
33857d
237e84
2e7e84
3b7d80
72777a
79787b
5c7681
487688
3d7686
337883
397484
3f7182
4d7180
587181
55717d
49717e
4a737e
45737d
3e7581
4d7289
546e8a
567387
82717d
6c7875
4b777b
357c82
3a7980
327881
2c7b82
3c807b
78717b
85449e
9139aa
903aa8
903ca2
8742a1
8544a8
7f47a8
7c7083
6a8a70
247e84
4c7c7d
6d797a
85787f
987a7d
977c75
868072
778274
6d7e78
6a807a
7d7c79
698177
777d7a
837a7a
7c7d79
667f79
7f777d
a6757c
96797a
6c737c
736e7d
6d727d
7e6c82
866b81
976780
a9617e
876f78
9c697d
9a6e7a
7b7479
99717b
946e7d
6e6e81
6e6a84
8d6382
706a81
69707f
6b6881
7e6182
865e85
5e6e84
5c6b86
776284
706b84
766885
866185
8d6185
7a6685
5c6d86
76707f
8b6a82
976281
996483
956582
946a81
986c80
8b6a81
906882
816d83
98707e
966f7e
797682
8b777e
837e7a
738178
737d76
6b7d79
6a7d79
6a7f77
6a8374
7a7f74
8e7c77
8a787a
907477
4d7c79
327c83
2d7f83
408079
657579
6e4ea7
8c3bb1
873fae
8443ac
8a3fa9
8a40ad
8346ae
806193
548479
2b7c86
297d84
457385
4c7983
557d7c
72797c
547982
407485
34748b
307885
347785
3e7382
497282
4c7281
497380
536e88
437284
49717f
407384
58758d
657788
8b747d
6d7379
497779
587183
557284
7d6e83
457880
387980
32797e
3f7f79
5a7283
725296
86449d
943f9d
8a40a1
7d539a
74767b
5d8870
2e7e7d
517c7b
567e79
7e7979
9b777f
9f7b79
8c7d75
787c77
677e79
5f7d7c
697b79
657f7a
787f78
8a7f76
7a8277
7a787a
727a79
847a7a
94717f
7e737e
886d7b
9b6d7d
a06e7d
906e7b
8e6d7f
98697e
a3607f
8e677e
90677f
97677f
9b6d7e
97717d
75717b
51747e
6c7280
8e717c
906e7d
91657b
83687c
726d7b
765a8c
7a6084
666a81
636686
7a6487
5e6d87
806385
9c5987
825f89
786786
716686
8c6380
93687e
8c6c7f
8c6783
806b82
a16a81
9c6d81
8b6d7f
946881
79717f
7b737f
7c757e
8f797d
897e7f
897e7b
857f78
6d7f7b
6b8079
6e8075
728274
7c8471
898373
907b79
77767a
5a7a7a
457b7b
327d80
258084
398079
547978
5f5998
7649a8
8842a4
8b44a2
7b51a4
646797
418184
2e7d82
347885
337685
387684
616c89
4e7784
5f7a7c
727979
4a7483
36768b
317789
3d7584
3c7583
3e7287
6a6d84
656e83
4c7085
417282
636e7f
4d7088
5b708f
847781
897c75
637976
4d7979
7a6d89
93658d
4c7384
417b80
337982
3b7180
367683
2e7d81
337b81
3b7587
41728c
487388
44807a
358978
3d827d
718073
677d74
717b78
98757e
96777d
8d7a79
6a797b
697e7c
687e77
5c7e7c
767f76
7c7e79
7a7d79
797978
697e7d
96787d
a0777a
81747d
9b6f7f
94717e
93727d
94707c
966c7f
8b6e7e
7b757e
96707c
a36e7b
987478
9d7077
956f79
91707e
866a7f
7d6980
9a697f
886e7b
69777c
85727d
806f7d
5c7185
676f81
755d8c
6b6389
836183
736684
805f84
7b6780
716f81
8e5c87
965689
8c6287
966581
a6687f
a16481
94677d
886181
835a85
6d6587
936784
806983
806685
8a6983
886e81
737382
80747e
87797f
717f7c
7e797b
817a7a
7a7e78
697e77
6a8077
727e73
897f72
917c76
7a757e
7c717d
52777a
567c77
4a7d7a
297e85
2b7f7f
337a7e
367685
3b748c
3e778b
347f82
29817f
267e84
277d87
307d85
4a7780
557182
696a8d
557185
4f7d7e
827e74
7f7c75
437586
36758b
437586
447284
3f7088
487281
417180
486e85
5a6c8e
746f8a
607088
4e7189
7a777c
667975
627876
427a7e
54767e
74737d
517f7a
427d7d
407f7e
3a7a7e
357c81
2c7c83
227e85
1e8183
28857e
45817d
527f7a
45837a
738174
717e78
7c7876
827a7b
8a7d7d
967c79
847d78
66797b
5c777d
627c7a
51797f
6b7d7c
807c7a
717e7a
757c7a
7b7e74
7b7d78
887b7a
85787b
89787b
867a78
967a78
a77578
98707a
907079
a57078
936f77
8d7678
b07777
ad7379
a76a7b
8c697e
78707e
a26880
856c7f
69727f
88727d
7d707d
756882
5e6d82
736882
7a6188
4f688a
7e5e88
766684
656383
7f6182
716d83
836785
8c5f87
756486
816483
8c6781
9c6383
b25f82
936480
846884
906b80
8f6c7e
83687f
916b7e
956a7c
867281
83747e
7e777b
88797c
89777e
877a7b
7d7b79
627e7a
777d77
747f79
7b7e72
777e72
807c72
877877
7d747b
727676
6b7d72
687972
507c77
3b7c7f
327f7e
278080
258181
1f8182
237f83
277e82
248082
248580
3b807f
6d7a7c
747e7a
787c7c
677f79
807c76
697f7a
7b7b7b
487881
39728b
5e708b
4e6f8a
3f6e92
57708f
4d7389
4f708d
5f6992
6a728a
6e7387
5b7982
6d7775
49777a
367980
5d797b
807b72
837f73
7d8274
82816f
678274
71856f
74856c
638371
6e8571
698770
7a876d
6f8570
558179
5c8178
757e76
8b7a79
897b7e
8c7b7d
a37b79
7c7c7b
64807a
5f7f7b
5b7d7b
537b7e
65777b
7a7e79
6f7b78
5f7a7b
747b7c
827e76
638077
817d7a
a0787a
977a77
9d7a76
967877
9a737d
aa6e7f
a66d7e
af6e7e
a1727d
9c727a
926f7f
996981
a06682
966b7f
94687c
826a7f
80687f
916b7d
877081
8b6681
7a6780
6a6782
7a657e
656789
507482
626d82
886283
866483
7c6584
7c6585
5f7085
986682
a26282
736683
7f6581
956381
a55f83
9c5f84
8f6384
826c81
886a83
926781
b06280
a16182
976980
816d84
77757d
7c7c7a
817d7a
91787e
6a7c7b
7a7d77
757e78
69817a
767e78
617b77
6f7973
7d7871
8a7a78
6b777b
6d7379
707778
607b76
4f7e77
598572
598574
628275
598572
618772
6c8374
668277
6f8274
798475
888474
a08276
a57d78
967b7a
807d79
467e7c
3a7781
2f7883
457589
6d6d90
4f6c98
51659e
696e95
64728f
636a96
636996
5c6d91
727889
787e79
427978
5b7975
4e7879
56767c
6d7b7b
877d79
877d78
757e77
718074
6f8174
687e77
647f74
5d8076
657e76
4f7e7a
537f7b
707f7a
947c77
967c78
7e7e7e
937f7c
977f78
697c7c
587b7b
51817c
59817c
6c7e79
6d7b7a
74797b
727f79
717e79
7c7978
79777c
687c80
757c79
8d787a
9f777b
a6747a
8a787a
867779
7e6e7e
a3677f
9f6781
8a6f7f
92757b
916e7d
816d7c
93687e
a16b7c
897377
8f7376
8b717d
8b6581
8b5f82
6e6d80
7b6f7f
8c697e
856c7a
776c7a
486f88
5f6c80
7d657f
8e5e85
906384
8f6681
896782
746b81
7f6885
9f6683
9c6182
7c6c80
846c7d
9c6581
9c6484
9a6183
6e6d7f
8a6780
8d6480
ad6481
a96982
796f7d
6d717f
8f6d7f
88757d
797b7c
7a7d7d
957b7a
79777c
677b79
7e7e79
7a7b79
657b77
6d7f73
707d72
747d76
77797a
6a757f
6f787b
727c77
6f7977
5e7975
677b75
6e7b76
767c72
737e73
717d75
6b7d7a
667e7e
74817b
857e77
7b7e7a
6a7c7c
5a7a79
457b7c
3e7c7b
407a7b
3f7982
54708d
6b748c
39768c
496793
6d6793
757092
5e6c97
616798
776c95
79778e
888279
648271
707d74
717f73
397f7d
5e797c
787e76
828079
867f79
858079
877e79
7e7e7a
757b7a
737e77
6f7d7a
7e7d78
917e7c
9d7c80
9d7d7d
a17a7f
947c7e
827c7e
597b82
4f807a
728572
748076
657c7a
64807b
777b79
797c77
677c79
5a7c7b
7a7a79
717d79
758077
82767b
94727c
82767d
89767a
887878
96747b
ac6e7f
a66f7c
987779
9a7479
9b747d
a76e7c
a86e7b
937577
9a7278
9f697b
986d7a
937178
946f7b
9d6a7b
926a7f
72727f
8d6a80
81687b
5d6d7e
6b6883
825f85
5e6a87
626b82
896184
905c87
806584
7c6886
7c6d81
8e6c7e
9c657f
9d6080
88667e
8d6a7e
926681
956880
8c6c7e
976381
956683
916b81
95677f
986581
836d7c
76737f
867081
787380
78787d
84757d
827a7c
827e7d
747b7d
778079
7a8078
768274
727f73
6a7b75
627b7a
78797b
67777e
617680
75777c
817a78
797a77
677a7b
7b777d
777d7b
7d7d7b
767c7e
7d7e7e
838279
7f8375
6f8478
777f76
6e7e74
4a807a
6b8073
3e7a7c
387a85
5e748c
78708e
4f6d92
42718e
58768b
77758e
6c679b
6b639c
747092
627892
82807d
87866e
5e8272
6b8173
6f7f6f
547f72
5f7e75
5b7b7a
617d7e
727880
747b81
7f7d81
8e7686
8a7985
807c82
9f7e81
9e7e82
947e83
8b7b85
7b7984
5c7b80
567b7f
588279
6f8173
6e8075
747b7a
637b79
6e7b7b
817879
697b7b
697f7a
8f7b79
8a787a
797e78
897b7d
787b7b
70737b
8f737e
9e767b
9a7676
927479
81757c
806d7c
956c7d
9c707f
ad6f7f
a86d7b
8d737a
926d7d
986680
986780
a76780
9f6c7a
77717d
7c6d82
776a80
7f6d7f
92697e
726d78
6f7376
527385
726588
6b6887
636f82
8c6681
825f8a
736587
6b6982
8a6c80
a36c82
99677e
966980
a06382
8a6a7e
7f6d80
986980
956680
886e7f
727083
7c6c7f
8d6b7d
a1687f
7e6e80
75757a
77747d
89757c
7d797c
847c7a
7d7d7f
737f7a
747f79
668379
807b7b
7c7d78
748074
637c76
4d7d7a
497d7e
55777f
7d7b7b
867880
8c7a80
897c81
7f7e80
807a83
847a81
827984
877984
7c7f80
677f7e
687f7d
688279
648575
678473
778571
678374
377e82
55807d
6d7b80
6e748c
5b6698
5b6b9d
78719b
847597
6d6b9d
7365a2
7c649e
5c7290
687f81
8e8770
7e836f
6e8270
5e8075
678572
578379
4d8379
5b8574
6b8471
718070
728472
688178
68827c
6f8280
677d85
5e7c86
5c7985
3f7986
3d7b83
4e7d7d
608675
778770
758271
688472
728076
737c7a
697f7a
7b7d7a
707d7c
687c7a
88797b
767e7d
82797b
667e7b
6a7c7c
89727f
a36e7d
97737f
84737a
826f7d
7f6a7e
916c7e
a76a7f
a06f7b
9d727e
a26c7a
916b79
7f7179
9a6d7f
9b6e7b
98687e
a46d7c
85707a
8c6a7e
8b727c
86707c
846d7d
7f707d
6f737a
3a7487
516e86
756783
846282
7f6284
646a86
746c84
826282
846681
836484
8a6383
856882
7e6980
7e6b80
8f6e7e
a26282
9b5987
796c81
76727c
806b7e
876c7f
8c6d7f
946d81
98757a
95757a
8b737d
97727c
8c797b
677a7c
6d7e7a
7d7a7f
787f7b
7a7d7a
817c7a
7b8077
7d8075
698176
477f7c
427b7a
437c7f
547a81
687a83
717585
627688
6d7583
667684
637c81
577b82
537c81
548380
54817f
50807f
4c827e
668179
58807a
41807e
407f7f
717d7d
7e7d80
6e7390
4f6a90
537190
6f719b
956e9b
7069a1
6a61a2
7963a2
7c7292
517a83
8b8378
8a8473
657c75
3b7c7e
3b827e
66916f
8b9e5f
95a058
94a155
9ea157
a4a159
a0a157
99a058
909e5b
7f9665
718e6b
578874
3a807e
3f7c7e
527e79
5d7e77
6f8074
628277
6c7e7a
7f7a7c
737b7a
757c77
797e77
557d7c
767879
79747b
627b7b
737c7d
8c7b77
947d77
90787b
877477
837577
8d7579
817776
837379
906d7e
9c6882
a86d7f
967978
907579
aa6978
827179
8d6b7f
b06580
ad717c
977878
866f7c
836e7e
90727b
926a7c
8f697d
7b707f
5e727f
656587
4e6c8a
785d89
9c5784
836385
6b6e81
8c6484
926686
9c6584
936683
846f80
8a6482
955e82
956580
946581
8f6882
876c82
a26d7e
ad6a7e
816d7d
826d7a
866d79
8d6e7a
996c7b
7e7182
76787f
7e777e
857481
7c797d
777f7b
7a7d7b
7c807a
5d817e
67787c
678178
7b7f79
757f78
648178
577f78
4a807e
497f7c
357e82
477c80
3e7f7f
4b807d
44827e
498480
54897c
649171
7f9a6a
7b9869
5b926f
468a77
277d83
3b7b7f
55837b
5a807b
8a7f7c
767988
737099
4b7090
43798a
777690
977397
8067a5
7a60a1
8360a0
887097
5c7784
667c7e
758274
3d7f7c
358481
83976a
a99e5d
a69e5b
a59f59
aaa159
a6a25b
ab9e5f
ae9e5f
ada05c
ada458
ada456
a7a755
a5a458
839f64
72936e
6f8c72
618676
588177
5b8178
808077
747b7a
5b7c7d
72777e
727c7c
6d7e7a
807c7a
8d797a
79777a
6d7977
7b797a
857b78
9a7878
9b7b73
918170
a47978
b4757a
977677
8b7677
98777d
a6747d
997777
987277
9d6d7b
ae6a7e
a1707c
a5687e
966e7a
94687b
8e697c
7d6e7c
8f6880
99687b
826c79
7f707b
6d707b
6c6980
5a6e85
586987
946086
8a6683
856882
736c82
7d6981
856784
7a687f
646e81
6d6c84
975f84
9a6084
7b6981
5f7083
7b6e81
a0637f
ab6181
a06381
97687f
966983
9c6b7e
93657f
7f6a7f
826e7d
67747d
5e7680
6a7c7e
767e7e
6f817c
787b7e
6c807a
658076
597c7a
657d7b
547e7c
4b7e7c
4a7e7f
428281
48897c
4f9276
589775
6e9a69
759c63
7a9c63
7e9666
849268
809468
989963
a99966
ac9a65
ac9765
618873
2e8282
49847c
6e837b
8b8382
8a7890
776a9f
357294
437790
7a7690
987693
7567a1
745da2
7c61a4
856f97
6d778b
477d80
5c7d7c
337e83
388188
7f956a
a99b5c
a99962
b29567
b69369
b39767
b39768
b39666
a69764
9e9366
8c9069
808a6f
758971
708a71
6e8b74
648777
53837d
55817a
778471
7a8077
6a8076
647d79
607b79
6e787c
67767d
607c7f
6b7a7b
737f75
7d7f78
887b79
887977
86787b
93717d
997479
987579
a86d7d
b3707d
a57679
a07877
987579
a2707e
b5687e
a27577
9d767b
aa727a
95727b
99707c
916f78
8f6c7d
8d6d7c
667081
6b7083
946a7a
726c7a
606e7e
586b84
856083
756783
686c83
816983
706e83
7a6d81
8c6680
a76980
a66483
8a6283
6c6b81
846581
9f6086
906585
806b82
906682
8e6c80
9c6584
7f6986
717080
76737e
9b6c83
976a80
956a80
936a84
797680
5e7a7c
5d7b78
737c78
788078
6f7a7d
807a7b
5c7a81
587a7c
547c7b
537e79
447f7c
457f7f
47837b
599775
7da567
93a859
a2a654
a4a752
a2a554
a7a356
a5a05c
a4a05c
a09f5a
9b9d5d
9b9964
af936a
9f8a74
417f84
4c7e7e
83847a
7e798b
8a7096
65719a
3c6f96
3a7295
697792
967a8d
63689e
7758b1
785caf
8869a6
956f9a
487b80
4e797d
367b83
3e7d84
85956b
b19862
b5926a
bf8b73
be8a71
b5906e
ae906d
9f9169
8c9067
8b8c66
828b67
7f8b69
818e6a
738d6f
5a8875
4a857a
4f817c
598276
54827b
608579
648178
647b79
757a7b
7c787c
5f787d
66767d
68757e
8b747c
8e7979
887c78
917877
8d767b
92727c
98707d
8c6f7c
78737b
99717b
9b727a
9e7479
ad7078
947679
93757c
ac697e
b0697d
a06f7b
95707a
a26a7f
a7687a
7b6c79
6b7080
68767a
8a757a
896c7d
7f687e
706c7c
6b6981
7b6486
926087
716b85
606f86
716886
746886
8f5e85
a06086
866a83
9c6880
946383
7e6982
905f84
8e6484
7d6d81
a16a82
9f6683
8e6c7f
8f6c7f
8f6e7e
86717f
896d80
7b7184
6f7684
a0737e
8c767b
73777d
6c787e
6c7e7a
657f78
6b7b7b
64807c
597b7f
677b79
6c7c77
5a7b7d
427f7e
3d8381
45877e
468c7c
568e7a
869a66
9ca556
a0a454
a4a258
a79f5c
a59d5e
a69d5f
aa9b61
ad9863
a99963
a29961
928877
52768f
3f7a86
7c7e82
88798d
90729a
5d6ba3
51669f
496e9c
677894
92798c
6f59b6
844ec0
6e5caa
796ca1
997194
687683
37797f
506d79
5f7a7b
9d9768
b9916b
c08775
bb8a71
ad8f6c
a2926a
a19467
9f9762
a39c5d
a59f58
a3a455
a4a752
9eaa50
9eaa53
99a45b
829d66
699172
678774
638977
628877
778571
5b817a
5c7e7c
767f77
567e7a
78787a
85777a
687e7b
82757c
95767a
6b7e78
7b797b
9a717c
88727a
887878
897a77
9d6f7b
9a6d7c
916f7b
a56d7e
8d747a
9d6e7c
906681
876c7d
926f7a
80737d
7f777a
8f6f7a
7b727e
856e80
ad657b
7c6e7c
746a7e
766e7c
796b7d
726686
716886
607086
836a85
726b85
786786
876686
796d80
806187
855b89
656885
7c6686
965f88
975b88
946286
956881
866284
726982
926a7f
ae6382
9e6284
7d6f80
5f7685
597785
837481
946f7f
8e6e84
837181
85727f
627a7e
5b777e
64797d
597f7e
54817c
6a8173
677e78
537f7a
4f8676
5a9e71
76a766
83a260
7c9769
6a8678
6e8e71
929d5f
a4a05b
aa9d5f
a99b61
aa9a62
ad9866
af9666
ad9666
ad9566
91837e
5f6d99
427789
6b7c8d
93759c
98769e
626ea6
516a9f
556ba0
7674a1
9770a7
7d4fca
7c4ac5
745ab2
7b6ca4
8b70a3
8e7192
52757a
586985
6b8081
ac946b
bf8a73
bf8674
a88f6a
a29567
a89666
ac9665
ae9963
aa9d5c
a8a157
a2a555
a0a753
9fa752
9da456
939e61
7b926c
6d8476
62807b
5b7e7c
59837c
5d807c
637d7a
717b76
537c7c
6e7778
796f7c
7b727e
727a7a
7a757b
797380
83747c
7c7977
77727f
a26b7f
90767a
847676
946a7f
9a6782
966b7b
847179
84757c
907478
98757a
a46d7d
a4697a
986d78
807176
79717d
916c7f
846b7c
7e6b80
776d7e
61767d
65727e
88617e
527184
5c6e85
786383
786587
6d6d86
686a85
706787
796486
736983
936782
826a82
866b83
916c80
816883
726787
876386
746985
5f6f80
976182
a65e84
926685
906685
7a7184
7c747c
986c81
897082
6e7583
76797f
8d7281
557982
4a797f
59757f
57797f
607c7a
6f7878
4f7c7c
4a7d7d
53867a
779f67
92aa56
98a850
9da353
98995d
7e8b6d
698976
949668
ab9a60
ad9665
b09568
af9668
b09665
b19567
b18d6e
907591
586ba5
4a788a
5e7992
98739b
8d66b1
6a67ab
536a9a
6063ab
7c6ea7
976ea9
7f51ca
7950c4
705cb4
746aaa
8672a5
876ba0
716982
50708e
81887c
b9916a
bc8a73
aa906b
a09167
ad9469
b2946a
b19665
ad9b5f
ad9f5b
aaa157
a8a454
a3a454
959d5d
878f69
6f7f78
757e77
6d8575
6a8e73
5f8b74
4b7f7c
547f7a
5f8377
707e75
5d7b7b
6f767e
79737b
507b7e
6a777c
7c767a
767c7b
757a7a
807877
967479
9f6e7c
7d737a
74767a
8a737c
966b7d
ac657f
a46e7b
a67676
a97479
a86f7b
ab6d7a
a26d7a
9d687c
947079
957279
9b6e7c
a16c7d
a26e7b
896c7d
73717d
816e7a
82677a
6e7282
6e7185
736985
606f85
786b83
856985
776b88
826485
826387
746e85
8e6884
916284
956685
8c6387
906483
966088
846d83
8a6e7d
906c80
936f80
8d6d82
707283
826c84
8c6d82
777682
7e7182
6b7980
807781
8a6e83
61797f
487d7f
5a777e
58787e
4b797c
4b7c7a
477e7a
43837c
4d817f
6f8f73
99a655
9ba651
9ea453
a0a355
a09e5a
909564
7f926a
9d9667
b09569
b4916c
b29269
af9567
b4936a
ab906e
8b7993
6467a7
4d6f97
7767a9
9b6da8
8b5dbc
715db4
58679b
6363a6
7b6eab
9371af
7f58c7
7951c8
745abb
7960b7
866bae
8d67b0
76689b
596f8e
959073
b79467
b08f6b
aa9267
ae946a
b2936a
b29468
b29864
b09a61
ad9c5f
ab9f5a
a69c5b
889365
82896e
8f8c6b
8b8e66
909961
93a05b
93a35d
849866
6a8971
658475
6b8375
708076
737c78
647a7c
77747f
4e797d
4f777e
886e7f
85717d
77777c
837679
97717c
99747a
847a76
8f7a77
a5747c
a17178
917477
a16b7e
a3707b
8b7675
986c79
a4697c
a16c7b
997478
967678
9b727a
8f7676
916b7a
816d7b
77707b
746e7c
99697c
93697a
5b7284
6c7184
5c7584
597683
7d6984
6d6f82
706f84
7f6585
8a5e8a
796886
876983
76638b
7e6687
7d6783
786787
746b89
8c6485
915e86
806c80
7f7081
727581
717182
8d6487
816d83
936b80
6d7180
587882
5b7785
697083
587582
4f797f
527a7e
587d7b
5a7f76
5d8374
569574
729d6a
7d916d
658d77
8a9e5f
a4a652
9fa454
a5a058
a49f5b
a69d5d
9b9961
949666
ac936a
b78f6e
b8906e
b29469
b19467
a7906d
82709e
745bb2
5e6da2
846dab
9473a1
8765b0
6460b0
6060a5
685db0
7567ae
9271ab
7f57c5
7c50c6
7853c6
785abb
8a6aae
946cae
7962a8
606896
988d76
ae9763
af9068
b4906e
b2916c
b6916b
b39468
af9764
b19864
b39962
a29961
879266
8d906a
989962
9b9d5f
a6a25a
a5a359
a6a05b
a49f5a
919b60
738c6e
688573
748373
778274
6e7f76
5b7c7a
5a797c
767379
767579
65767e
7b767a
7e7b77
857978
72777c
866c81
95707c
8e747a
93727a
986e7a
9a7178
917477
89707c
936d78
926e7a
92707e
ab6980
a46a7a
867074
6c7078
7c6980
9a627b
856c76
846a79
7a7078
78757b
797577
537186
537084
626d86
656f81
806d83
836984
7e6982
746784
6f7182
88707e
896c80
747080
9e6483
9e5f87
686e86
607782
846c82
8b6780
846c82
826a85
6f6d86
6c7386
8b6a84
846c83
856188
686886
467586
587083
517583
6b747f
70757e
687b7b
698577
688272
5a8678
75a067
9aa557
999b5e
8d9367
76946a
9ca455
a5a156
a79d5c
aa9d5e
a89a60
a69961
9f9964
a49569
b2906d
b78e70
b68f6f
b5936c
b09465
907598
6b5abf
6b68ae
8f6da9
8d6cb1
7c5bbf
6b59b7
6264a7
6961a8
7b68ab
8e72ab
805ebf
7c50c7
7e4cc6
8255c0
8964b2
906aa5
8063ac
5b6aa3
988d76
ad9665
b08f6b
b68f6d
b5906c
b6916a
b39668
b59568
b39667
a59662
919462
959762
9b9d5b
9da258
a5a159
a4a356
a3a454
a1a357
979a60
788c6f
658177
648375
678477
868871
788376
6e7e76
737e78
6e7879
917079
727c77
6a7b7b
99757c
957a77
8c7877
837676
837579
917278
877179
956a7f
94707b
917676
8f747a
9b6f7a
8f7675
8e7972
917377
a46b7b
a56975
946c75
856d7b
826c7e
9b687e
986d79
716f7a
56797e
60787c
6d6783
806686
716788
5a6f86
4f7385
587086
676e83
736883
8c6381
8e6c82
7f6b85
866583
8d6684
836a84
816984
7c6c83
846f81
906881
99687f
7f6e81
7a777c
8c797c
8c7181
846984
666b87
6e6e83
717281
4d7b80
697e7c
87787d
787c7a
778278
718377
5c7e78
4f877a
8ca25e
9da555
a09f5a
a89961
889566
849b61
a6a256
a59f5b
a89d5e
ac9665
aa9665
a79765
a49467
af906d
bb8a74
bc8b73
b6916d
b38f6a
896ea2
6b58bf
7365b2
966bac
8f66b6
7955c8
6b5cbb
625fb3
6c60af
7870a5
8b72ab
895abd
7c51c7
7d4ac8
7f53c2
8162ba
8d67b1
8064b4
6a6ca4
938d76
b19565
b09369
b4906c
b58f6b
b29567
b7916d
bb8f6c
a79367
939462
a09860
a59e5d
a0a256
a2a454
a5a356
a6a355
a4a354
939c5f
7e886e
778273
6b8274
658276
798672
7b8671
7e8576
878671
807f77
7e7a74
757a75
6f8174
697f77
717c78
7e7b79
9c7779
ad7b76
9d7976
927575
8a7575
797676
897578
9d747b
a6727a
a57178
a27277
947478
9b6f7a
a47179
9d6f79
8b6d79
80707a
77707c
8b6b7f
a5677c
846a7b
76697d
656d7d
756684
806985
6e7083
856d81
846a85
607185
677084
7b6b85
6f6b86
6d6688
6b6787
8c6388
7d6e88
7a7082
7f7083
7b7383
996e80
a26381
906380
796f82
807481
7a6f81
6a7083
647482
6e7384
747182
7f797c
7c7f79
89767d
7e787c
6a7f78
5e7e7d
5d7d7b
43817d
528b75
95a15b
a6a356
a49d5d
a09a61
9f9862
879962
9ca057
a3a05a
a69b5f
aa9963
ae9469
ad9468
aa9369
ab906d
b98a75
bf8a76
b88f70
b58d6f
8a68a4
6a56be
7364b5
966bb0
8765bc
7357c7
6d57c2
6b59bc
7257c5
7f64be
9169b5
7f57c6
774ecc
784dcd
7c52c7
7f60c1
8562bd
8a66b5
746da5
978e73
af9964
b1916a
b68f6c
b3926a
b3936b
bb8d71
af906c
9b9166
a49762
a99d5e
a79e5e
a5a258
a6a457
a6a354
a1a157
829669
7e8e70
939267
938e64
7f876b
5d8274
728c71
82896e
7b8772
788972
878671
8c8472
828572
8c8572
9a8471
8a8074
797978
7b757b
8e767b
a17977
9c7875
987974
957676
99757a
9a777a
a6777a
a37777
997678
8d767a
8d737d
98717e
98707c
907476
827679
8c737d
986581
92627d
706b7d
7d677e
75677c
5d7085
5e6e87
666c85
597386
627682
7d7080
7a6885
6e6985
647582
776e82
855f87
7d6089
626888
5d7087
726f83
886c82
886882
856885
9b6385
8e6a83
826b82
7b7580
817181
876c80
76767e
7f7b7b
94757d
7e7d7b
7f797b
80767c
6a7c7b
557d7b
4f7e7c
53817a
538b78
919f5c
a7a257
a59d5d
a69b61
aa9862
949764
8c9d5c
a89d5c
ab9765
ab9963
ad9566
ae936b
ab926a
a9916c
b18e72
bf8879
bc8c72
b39069
8c6ca1
6656bf
8266af
976db2
805dc4
7652c8
7153c2
6c5db9
715dbf
8363c0
8865bd
8055c7
7951c9
7652ca
7b55c8
8362bc
8c6ab5
9169ae
756fa4
8c8e7a
b09862
b2916b
b1936a
b5906d
ba8d71
b68f6f
a69369
a49467
a99c62
aa9d5c
a7a259
a8a259
a5a159
a3a355
899a64
7a9070
959567
a79b62
a19a5d
8e9561
6c8770
6e8770
698375
6f8275
8a7f77
8b7f74
647e78
877e75
8e8271
9b7e75
997d75
877a79
9c7979
9b7a77
8b7c77
9b777d
9d747a
9a7379
9b6f7c
a1747a
b07479
a67477
9e7778
99777b
97737d
aa687f
a0687c
76727c
6f717e
856e7e
8c6c7c
8a687a
847077
66737b
5e6f7f
6c6d83
6a6e84
6f6d85
587285
6d6c84
6e6d86
746883
856089
6f6c88
637283
7a6a82
9c6683
8e6185
726484
706a85
916882
7e6d82
816d83
956783
816e81
87717e
8a747f
906f82
8d727e
90727c
936a7f
797381
77797b
7c7c7a
7c7f79
7f807a
7c7e7b
6d847a
4e7f7e
57837c
8e9a64
a2a457
a39e5b
a79c5f
a89962
a29665
8d9a62
a19d5d
ab9863
ab9763
ac9666
b0926b
ae9369
ac926a
ad906f
ba8a75
bf8b73
af8c6e
8069a4
6e54c1
8964b9
906ab7
825ac7
7753c4
7757bb
7355c1
785cbe
8965b8
8666bb
8155c1
854cc2
7c51c8
7a54c9
8661c0
8866bb
9367ae
7d6ab2
8c8883
b29764
ae9368
b38f6d
bd8a74
bf8a73
b0916d
a79568
ab9864
ac9b62
af9b61
a99f5b
a8a159
aba05a
9a9f5a
809866
979a63
a39c61
a99d5f
a79f5b
999f58
7c9266
7a896f
708673
828074
7d7a78
788176
7e8572
7f7f74
907a78
817f78
808076
868274
a47778
9a7677
92737d
95737b
91777a
a0717b
996f7b
a26f7f
a76d7e
94757a
90767a
90727d
966b80
9a6d7f
81707d
70717e
7a6c7f
8d697f
886b7e
95667f
93697a
726e7d
686a7d
6d6d84
5a7683
74767f
846987
6d6988
746685
6c6f87
787284
946e80
926583
7b6983
846c83
9b6484
926286
756986
79727f
916c82
a16487
8d6185
786a84
62777f
7f707e
667781
6d787f
a26f7d
95717d
7e7c7b
817b7b
737b7b
778078
828275
72817b
787f7a
678479
5e887d
839668
9fa555
a49e5c
a69b61
ab9864
ad9565
9b9864
969c5e
ab9a5f
aa9863
aa9763
ad9369
b0926b
af9369
a8926c
b78d72
bb8c71
b18875
7e64b0
705bbf
8a65b9
8965be
7c54c7
7e57b9
7b61ae
7357c2
835bc3
8a6bb3
836db0
845cbc
824fc3
7d4eca
7852cb
805cc5
8b69b7
8f67b5
7e67b2
968a7e
ae9962
ae9369
b48f6f
bb8b73
ba8b73
af916d
ad946a
ae9865
ad9a62
ad9b61
a99f5d
a6a159
a5a058
909b5f
999b62
a29b61
a99d5f
a8a05a
a2a257
9aa357
899d5e
7a8e6e
808874
8f8576
878471
898a6e
90896d
907e74
8e7e78
928172
838276
897f77
907779
9d7379
997577
8f7278
837679
a3727c
9f747b
9b6f7f
9a727c
8f7679
9c6b7d
97697c
806a7f
826e81
946f7e
ad697b
7f7678
7f7c77
8c717b
736d7d
5b6f7f
7e6e7a
747378
636c87
457784
587183
6e6e88
6f6c88
616b85
596e85
696e85
806287
746886
776f84
757084
726c84
8d6388
6d6a89
646a89
666e85
706e83
8c6485
905e8a
876685
7d6d81
7f717f
90717c
8b767c
7b7c7c
857a7b
747a7f
86767e
7a7d7c
7f7d79
697f7c
5d8279
6f9271
80986d
7c9968
9aa656
9ea259
a69c5e
ac9765
af9566
a89765
939a64
a49a60
ac9964
a69a61
a99864
ad9467
ab9567
ad926b
b38e71
bc8b72
b18a72
7f67ac
7855c9
8d62bc
8865bb
7d5dc2
7957c0
7352bc
7c55c4
8761c0
8e6ab7
8969ba
8158c5
7f52c7
814fc5
7b4fca
7f5bc4
926bb3
8d67b4
8567b2
9c8e7a
af9a62
b4916c
b88e71
b88c72
b68e6f
aa9469
af9568
b49668
b19963
ad9b61
ac9d5f
ad9c5e
9a9d5d
999c5e
a19d5f
a89d60
ab9f5d
a9a159
a6a258
9ea354
7f9865
788b71
8b8671
888570
818870
838a71
938773
988373
9b7f76
898373
967978
907c78
917e77
8f7a79
887e76
a57c7a
a57a7a
90757a
90747e
7f777d
8a6f7f
976d7f
87707a
8b6e7b
8e717d
876f7f
886480
8a677e
7f727e
7a747c
7a6e7e
6d6d7c
82717b
8b7576
846e77
5b7384
697282
6b7481
4a7b84
6b7085
647383
6c6987
606f89
856b82
7d6987
5c6e85
696f85
627a80
866d85
8f6387
6f6d84
6e7181
7c6986
7b6d86
917181
9e6d81
857181
7e7083
7d7580
77797f
96747b
927482
6f807b
907b7b
80767b
5e7c7e
67817d
708a76
799e6b
94a061
889c64
9ea15a
a0a258
a29e5c
a79a61
b09468
ab9368
9c9668
9c9963
af9766
b1946a
ab9766
ac9666
ac9667
ad946a
af8f70
bc8b73
b38972
7966af
7955c9
9367b7
8864c0
8058c7
7255c3
7155c5
7c52c8
825cc5
8762bf
8160c3
7a55c7
7c4ec8
7a50c9
7751cb
805dc3
8d6bb5
8f69b4
816ab0
9c9472
b09864
b88f6f
bf8974
c08875
b2906e
ad9668
b5936b
b59569
ad9a63
ac9b62
ad9c60
a59d5d
9b9c61
a59a64
ab9d61
aba05c
a5a257
a8a259
a3a353
979e57
798b6e
758774
7d8970
8a886f
868870
7c8672
898272
997e73
957d74
818373
9b7f76
a27f75
9e7b78
9d757a
8b7b76
84767d
9c767d
a0797a
a0777b
967c78
95757c
9d6c7f
9b6f7a
9c6e7c
87707f
86737f
936e7b
7f6f7a
726e7e
7e6f7c
9c6e7b
926e7a
786c7b
68717b
5c7081
557682
6a7582
677782
5f7381
617082
7c6589
816789
577685
567885
677084
7f6089
726b89
637682
627683
647285
846784
816286
7e6a83
687382
787880
a4737d
916e85
757581
7a757d
8c6c7e
816a82
757280
6b797c
79787c
767a7c
587e7b
457e81
568e79
8da361
9e9f5a
819967
96a05d
a4a257
a49c5d
aa9963
ae9567
ac9465
a19566
969964
a99864
b1936b
af9469
ab9666
ac9567
aa9567
ab946b
b3916e
af8a74
7c61b9
7c59c8
8f66bb
8a60bf
7f55c5
784ec6
7b51c3
7c54c9
845ec6
825dc4
8364bd
7c5ec1
7b53c8
7c51c8
7951c9
7b59c5
8a6ab9
8f6bb3
8070a7
9a956f
b39568
ba8c72
c38777
be8976
ad946c
b2946b
b6936b
af9965
aa9c62
af9865
ad9b62
9b9d5f
a19a63
ad9964
b19c61
a7a15a
a3a455
a5a357
a2a452
8f995d
84906a
7c906c
76866f
788474
818373
82866d
8f856f
9d8571
9a8274
948570
938472
918274
927e77
a6787a
9e7c77
9f7678
9a717c
8d757d
95767a
907d77
957978
a0727b
8f747b
8a7a7c
a5757b
a17379
9c7479
8b7678
957875
8d7376
797479
7b7379
676e7b
6c697e
82647d
5d7282
6f6e85
667382
5f7185
587085
676f84
736e88
737181
6c7780
6d7387
797084
796d84
876985
7d7282
697783
737182
876a85
847481
7d7a7b
956f7c
966e80
8c7381
88757f
8f717f
896b82
6d7581
6f777f
8a6f7e
6c7583
497e82
50817f
598380
578c79
8ca361
a5a157
849c61
8f9c5e
a6a159
a79d5e
a89961
ac9765
b19468
ab9268
a19568
a49666
b2936a
ad9567
a99765
a99666
ac9667
ab956a
b2906c
af8578
795fbd
7f5ac7
8b66bf
8761bf
7c4fca
714dce
7451c9
7757c7
8864bb
8a6fb7
876bb9
8060c4
7a54cc
7b55c9
7a51c8
7c53c7
8464bb
8967ba
7871b1
9a9673
b8926c
bc8a74
c58677
b0906e
ae946a
b4936b
b09768
ab9b63
b19766
b19666
a69a62
9f9b64
a79964
ae9a63
ab9e5e
a99f5d
aba15a
a5a456
9ea257
959a60
9a9a5e
879266
6b8074
6b7e76
7f8274
80826f
708173
7a8474
958178
a28371
937f71
977e73
a47a75
a6797b
9d7a7a
987b75
947d76
8b7d78
a3757b
a3787c
95787b
937877
877679
8a747d
9b757a
9c747b
8c6d7e
86727d
967479
8d7577
667879
6b6d7c
836b76
716d7a
636b7d
667086
6f6f85
726e85
6d6e86
766b85
816886
697087
6a7582
727582
7e7480
916c83
a16187
8f6787
767283
7a6e83
8e6c82
7f6a87
827481
9b6a81
9a6087
816e82
8a6b82
886c82
7a797e
85797d
8f777b
707a7b
677b81
6a7c7f
5f7f7a
4c8080
62857e
628e78
86a361
aa9f5a
999f5e
879c60
a2a159
a49f5b
ab9861
a99763
b09568
ae9468
a3946a
a29767
ae9469
af936b
ab9766
aa9764
b0936a
ac9469
b19369
ae8778
7f5fb9
7e5cc7
8767bf
8e6bb9
7853ca
744ecd
7255cc
785ac6
8c68b7
8d6bb6
8d64bb
835cc2
7c56c8
7952cc
784fcd
7a4ecd
825cc1
8664c1
746fb5
9e9574
b8916c
bf8977
bc8a74
a99569
b5926e
b3946b
ac9865
b09768
b39569
ad9765
a29965
a59966
ad9965
ad9b64
a99f5d
a7a258
a6a257
a5a553
96a059
989b5d
9e9f58
95995d
7b866d
758070
698174
798170
877d73
778171
798174
927f79
a27e76
947e74
937f73
9b7d76
9c7d78
a07b75
957975
84777b
917281
986e83
946e7f
83777a
837b7a
87777c
8c757a
76777c
7e717f
7e757d
81707b
73717c
6d717b
62717b
776d78
746b77
5d6e7b
676e87
617387
597a86
6c6f85
6c6e8a
5d7787
637586
557a84
6e7383
996f81
7f7282
786e85
707282
896f84
697585
797280
787380
846d82
936885
827383
817480
95707f
946883
806d82
737781
7e7381
607684
5b7e7e
5f7c7f
6c797d
637b7d
4e817f
629474
97a45b
aca15a
a69d5d
839f5f
a09f5b
a39f5a
a79b5f
a89961
ab9766
ae9666
a39867
a39667
ae926a
b1936b
ad9765
a99963
ae9568
ae9668
ad9369
ae857c
815eb9
845cc6
8665c0
8b63be
7753cb
7050cb
7053cb
7a56c8
8260c1
896aba
906cb4
835cc0
7f55c6
7a52cb
784ecd
784ece
805cc5
8764c0
7670b2
a29373
bb916e
c08876
ae926d
ae9568
b3946b
ae9868
af9668
b6926d
b39469
a69864
a59768
ad9669
b09767
ad9b64
aa9f5e
ab9f5b
a7a356
a0a553
989e5d
a49c5d
a2a255
999e59
79836d
667a74
687c76
817e71
8b7c71
797d74
768178
8c817a
a07d76
8a8471
8c8173
a57879
ae7778
a07a77
957477
8e747a
86777c
9d6a81
9c6d7f
84797b
7f767f
85707e
8b747d
8d767a
6e727f
816d80
977078
7e7279
75707b
5c737b
646d7a
666e79
696d77
657388
677287
876986
766d85
557883
4c7a86
517688
7d6d85
826c86
736d88
7b6c85
687084
6b7183
747386
8b7483
926885
986783
8c6983
7a727f
8a747e
867281
946a83
856d81
6c7283
716d84
537685
637d7d
7f7b7c
767b7f
7c7979
5a7a7d
428881
6c9d6d
99a558
a9a05a
af9a60
8f9f5e
989f5d
a89e5b
a79b5f
a99a60
aa9963
ab9763
a69867
a7936a
ac926a
b5906e
b3916b
ad9666
ad9865
af9667
af936b
ad8879
7d5ebd
8056ca
815ec7
7c57c9
764fcd
7451ca
7254ca
7c56c8
805dc3
8262bf
8664bf
7f5ec3
7b57c8
7952cc
794ecd
7a50ce
7d58c8
8461c1
7a73af
a59273
bf8e70
bb8a74
ab9569
b6916e
b3946b
ac9965
b4936c
b6926d
b19569
a59668
a89769
ae9669
b19767
ab9d61
a99f5c
ad9e5d
a5a456
9ca254
979d60
a49e5e
a9a057
989e58
73866d
6c7d70
6a8172
837e73
927973
867b73
897a77
887b79
917977
847d75
817b75
997677
a37678
a67a75
987775
957678
94727d
98707f
91787b
887d78
9c7c79
90787a
7f747e
84777c
7c737e
816d81
766d7f
7d7179
816d78
6e6979
59707c
52747d
707076
647189
627385
696d88
5e7088
5d7486
527486
537485
607286
786e85
746b85
6b7083
817082
866f85
637284
856587
736a89
976884
8f6b83
7a7181
7c7381
6f7681
737185
727283
8b7182
6f7486
7a797d
98767c
80767c
7a767a
6c787e
467b81
458d7b
7aa468
99a557
aaa05a
ae9b5f
979e5d
91a359
a4a256
a39e5a
a99a61
ab9765
b19368
ae9369
ab936a
ad936a
b1916e
b3916d
ae9666
ac9767
b09569
ad9667
ab867d
815cbe
825cc6
8562c4
7c59c9
7551cc
7352c9
7351cd
7d5dc5
856ab8
8c6bb8
8f6eb3
8c6ab7
8058c3
7c4ccb
7a4aca
7c4cc9
7f5ac5
8862be
7b77af
aa9273
bd8d70
b4906e
ac956a
b6926d
b09569
b2936b
b8906f
b3936b
a99668
ac936b
a99569
b09569
b19766
aa9e60
a7a05b
a8a159
a7a456
97a056
9a9d5f
a3a05c
a5a258
9c9e56
878f65
7f886c
8c886a
7f866b
797f70
897d71
8d7c71
727876
73777e
89777a
7d7e72
8e7b73
9e7a76
a07877
9b7d77
8c8076
a2757b
a76f7f
9c737d
927977
867d74
917579
986d7c
73737d
7a7080
896f7b
827077
7f687a
7d6a7a
716c78
6d6d76
58717a
56707c
5a7786
687185
557485
537a81
687085
706c85
696b85
547784
657185
706b84
876881
776d82
727383
6e7086
6f6c84
797182
8d6c83
996a82
976d82
8c737f
8a6b81
846b83
7f7280
657a80
74787e
727880
847382
7a7680
4f7d7f
487a81
47837f
629373
7ca464
9fa15a
ac9f5c
ac9c5d
9b9c5c
85a15a
a4a256
a69e5b
a69d5f
a89861
ae9766
b1926a
a89468
ae926c
ad926e
b3946c
ae9667
ab9768
af9667
ae9568
a8867f
8660bb
8663c1
8865c1
7d57ca
7350d0
7453cb
7c5ac7
7e60c6
8769b9
9376ae
8d70b4
956fae
895dbf
7d51c8
794ccb
784dcb
7d5bc6
8967bd
797da1
a99470
bc8e70
aa9469
af946a
b6916d
ae9668
b3926c
b5916f
b1936b
a99569
a8936b
af946b
b3956a
b29768
ae9b62
ab9d5e
ada05b
9fa453
8e9d5f
a29d61
a2a25b
a4a257
9f9d57
848866
667f74
6f8273
7b8470
81886c
89846e
9b7f6e
89826d
818171
7f7d72
817775
9a7679
96737d
8f7978
897874
837b78
96767e
99777a
8f7a77
7f7c76
907178
927278
91707a
767579
7f747a
857279
847378
6e717b
7d687a
666c7a
776b79
6d6f76
636d7c
627780
6c7281
767281
7b767f
836b82
7d6a80
527888
587883
597583
577584
6d7183
6f7183
746988
726d86
7f6884
766985
706e85
697284
7d737f
8f6c82
a46982
986c81
8a707f
8d717e
89767c
7e7281
90747f
85777b
72757f
497b82
357f82
599375
86a660
a3a25a
a6a159
ab9d5d
a79963
849e62
9ca159
a69d5a
a99b60
aa9864
ab9863
b1936a
aa9667
ac926c
b68e70
bb8d72
b2936b
ae9668
ae9666
ae9567
a68485
845fbd
8d67bb
8562c1
7c53cb
7650ce
7455cc
795dca
8062c3
8c6cb8
9576ad
9472ad
8763be
7d55c9
7d53ca
7853c8
7a56c9
7d57c8
8b69b8
7b7f9f
ae936f
b6906e
a79569
b3926c
b1936b
b2946a
b88f70
b5926d
ad946a
a6966a
a99567
b19569
b2956a
b19768
af9b62
a8a05b
ada15a
999e58
8a9d5e
a5a05c
a9a15a
a5a256
9b9c57
7a8469
567978
4c757c
4a787c
7d7a77
957d73
787e73
817e75
7d8571
928371
947e72
947576
907778
987b76
9c7679
7c767a
8b7979
9d7677
8a7677
887a7c
837879
847978
967879
977976
807979
76747b
797279
7f6d79
7a6d77
676f77
687178
757274
697377
757182
5f7485
627386
627584
7e6c80
7a6b82
547286
5a7084
597282
4d7680
696e82
6a6f86
627383
627583
8d6686
876386
5d7382
6a767f
8f6d7f
9d717d
99737f
877481
747383
7b7182
8e6b80
806f81
8d737d
7a7281
577b81
517e7f
3f8480
659c6e
89a85b
9ba655
a5a355
a4a05a
a99b5e
8a9b65
909e5e
a89c5e
a99963
a99964
ad9666
b29369
ae9468
ac916b
b58d72
bd8a76
b68f6d
ad9666
af9666
ae9665
a38489
8360bf
8964bd
8060c5
7952ce
764dcf
7452cd
7b57ca
8163c2
9071af
aa7e96
9876a8
946ab2
875dbe
8257c4
7c52c6
7b53c8
7f57c7
7e5dc5
7e78a9
b29172
b2906e
aa9669
af9668
aa9964
ad9669
ba8d73
b3916e
b0926d
a7946b
ad9568
b3946b
b4946b
af9865
b09a64
ab9d5e
ab9d5d
979b5c
9a9c5d
a4a05b
a8a05a
a4a256
979a59
7a836b
687972
6c7a74
6a7a76
6c7a73
7e7d71
7a8270
867d77
8f7e76
927f75
ae7b77
977a75
937976
947c75
98797a
99797a
9f767b
987b76
7d8176
73797e
81737f
94707e
966f7b
72747c
65737f
856f7d
947179
767377
7d7177
737077
717078
736f78
6b6e79
5c6f86
547685
457884
437783
527385
686c88
5a6d8b
407a86
437982
6a6e81
746f84
6e6f82
806d84
876c85
746b85
866782
6a7080
797280
877380
836e82
846c83
777284
876b85
886a82
76747e
7b787a
717181
537682
427c80
427c7f
49877c
84a262
8fa55a
95a657
a7a157
a89d5d
ac9960
9f9865
8a9b64
a39c5f
ab9963
ae9766
ae9567
b4916c
b5906c
a89468
b38e72
ba8a75
b98c72
b09467
ac9666
ad9468
9e828f
7f60c3
8463c3
825fc4
7a53cd
744ed0
734fce
7a58cb
8266c1
8d71b1
9978a7
9075af
946ab1
8d5eb9
8157c3
814fc4
7e4bc4
8254c3
835ec2
8279a6
b29172
ac9469
ad9468
af9668
ae9667
b4906f
bc8d73
b1916f
aa946b
a59668
b3936a
b2946a
ae9965
ae9a62
ad9b62
ad9e5c
a29e5c
9b9863
ac9961
a7a05c
a99f5c
a8a158
9c985a
75806c
5f7b74
627b78
7b7976
6e7c72
737e77
807f73
867d74
8f7777
817c73
7b777c
7b777b
8a7b77
847a77
82777c
8b787b
7d777a
777978
827c76
827c7a
737880
6d7280
847279
7a7577
65737a
67737d
72707c
716c7a
766e78
796e76
7a6d77
716d78
6f7078
687086
5f7386
5d7484
53777f
5a757e
6e7483
6e7083
766d80
707081
756c82
697084
656b86
667183
7b7680
797480
7e6982
766985
6b6c84
657080
7d7081
97727e
91747d
807182
77797b
877b7b
797681
5c7880
767380
4f7881
3e7b81
45897a
96a15b
91a559
8ca45a
a7a159
ab9b60
b29567
a89667
869b65
9ca05c
a79e5e
af9666
b09568
b2936a
b2926c
aa946a
b28c73
bd8877
b98b74
b1936c
aa9963
aa9667
9d7f93
8162c4
8663c3
8260c5
7a54cc
754ecf
734fcf
7558ce
8264c0
8873b5
8d7aae
8d74b1
906bb3
8a61b9
8253c2
824dc2
7f4dc4
8252c2
805ec3
8475a9
b09370
a59769
ac9568
af9669
b0946b
be8977
b88d73
b0926d
a8956a
ab9568
b2956a
af9766
ac9a63
af9965
aa9d60
a89f59
8d9e5f
9a9866
af9963
ad9e5e
a5a259
a99d5b
9c975e
70816e
5f7977
607877
647975
6a7975
5c7879
657878
827a76
957a73
897e73
7c7e74
8a777a
8d7f72
897a76
987a78
8c7c75
967879
927875
827878
7c767a
7c777a
847778
887c74
747976
5e727c
64717d
6e6f7c
736f7a
6d717a
726e77
7e6c74
6c7176
5f757c
746c8d
6a6e88
7a6d82
816d7f
736e84
627186
587283
477482
5e6e83
746b86
6c6b86
716e85
507982
647782
717383
6f7182
806a81
856d7e
757b79
7e7c7b
7b7b80
8e7081
92717e
677c7d
747b7b
557c82
487a81
5d7483
617a7f
657d7e
4b8e77
97a45a
96a658
87a45b
a6a05b
af9965
b09864
ac9763
8b996b
919d64
a99c5f
ac9765
b1936a
b0926b
b3916b
ae916b
ad8f70
be8678
bd8876
b0936b
ae9666
aa9767
9c8195
8b65bb
8664c1
805ec7
7754ce
7452cf
7454ce
7759cd
836bbc
9284a2
a28a8f
967da3
8566bd
865ebe
7e56c5
7d55c5
7a53ca
7951cb
8260c4
8774a8
b19170
a59769
ad9667
ac9668
b49070
be8978
b88d74
b09170
a99669
b19568
b09669
b09766
ad9b63
aa9c62
ab9b61
a19e5c
899b62
9f9a64
ad9c60
ac9d5f
a5a15a
a69f5c
99935e
607d73
4f7c7c
6f7a75
677a75
547a7a
607d78
7d7e76
9c7976
a37e72
88856f
867f74
8b777a
99727c
9f757a
a17a75
917a76
827b78
7d7e76
837f77
927c78
997476
8b7176
737479
77757a
787576
7b7377
837379
5f747b
5b737b
6d7278
887373
6d7277
707179
7a6b8e
7d6a8c
746c89
807382
647683
627581
677183
577483
5c7582
467883
687081
7e6688
567289
498080
4d7a83
59777f
936980
906981
74727d
696f81
676c86
617982
7b7881
926e80
627582
4b7a81
5f7583
6e7781
67797d
517e7e
489079
92a45b
9da358
83a360
a0a35a
a89f5e
af9864
af9765
91986a
839a6a
a79a63
af9468
b5906d
b3906c
b4906c
b2906c
aa916c
bc8878
c2867a
b5906d
a99865
ab9569
9a7f98
8661c0
8560c3
8361c3
7854cd
7350d0
7454ce
785cca
806abf
967fa2
a88b88
9a7fa0
8569ba
8460c1
7853cb
7a58c8
7956c9
7850cb
7b5cca
8074ac
ae9370
a49a65
a99963
ac9669
b78e73
bc8978
b68f74
ac936d
ad9569
b3936b
b1956a
b09669
ac9a64
aa9b63
aa9d5e
929d62
929a65
a69b62
ad9c61
af9c60
a2a159
a1a157
949360
647d73
597a77
6b7875
6c7676
607d74
5a8076
8d7d76
937e76
8b7e76
957a76
8c7c72
887d72
807579
89727e
907479
847977
7f7977
797979
79777a
9b747b
7e7479
6a7779
6a787c
7c747b
877377
7a7478
707679
6a747a
777377
727277
697179
6a727c
86707a
8d7187
847187
787586
796e87
726d88
696d86
6c6c87
627184
4b7683
407783
4d7185
596b88
577482
81767d
63787e
697182
647484
626e83
7c6584
517685
557884
627f7d
727582
8a6784
6e6d86
4a7a84
4d8181
647e7f
667582
507f7f
4c8d79
8ea35d
a1a15b
779f67
97a35a
a5a259
ab9c60
b19665
9c9667
88996a
9c9963
af9567
b5906e
bb8d71
b88e6f
b2916b
aa936a
b78a76
c2857b
b88e71
a99867
a79768
a1858e
9569b0
8965be
845fc4
7753ce
734dd0
7555cf
775cca
836cba
937fa2
a78591
a27f97
8e6cb0
865fc0
7a56ca
7c58c7
7a55c9
7754ca
7659cd
8272ad
af936e
a29967
ac9867
ac956c
bc8a75
bb8978
ad9172
ad936d
b1956b
b2936c
b6916d
b09569
ac9a65
ab9c62
a09e5f
909a67
9d9867
b19765
ae9a63
a99f5c
a5a15a
a19f56
828a65
5c7a77
5c7d77
5e7c75
677b76
817d76
777d76
797a78
637a77
6b7b74
807b76
837a75
907d74
977b75
837c75
907c75
8f7877
87757a
91737a
8d7379
787379
837278
797679
7a757d
7b7379
6a747b
64747d
68747b
6e747b
787279
64727a
64717b
68767b
7a787a
697984
627884
6b7982
777482
846f81
696e85
3e7686
3b7987
697185
696d86
3c7a86
377b87
437a84
6e6d7f
776d82
567681
408080
58777e
60777d
517d81
6a7980
587981
4a7a82
6c7182
6d7382
637681
68767f
497e83
477d83
547d80
388d7d
85a363
a89f5d
769768
85a15c
a5a458
a99e5c
af9961
a59866
919869
8f9a65
a99864
b2916c
b78e70
ba8e70
b4906c
a7936b
b08e73
bf867a
bd8a76
b1926d
ac9569
9a7e98
8564be
8f68b9
825dc3
7752cf
754fd0
7753ce
7a60c6
816dbe
9580a3
a7898e
a78194
8d6cb3
885ebe
7e52c7
7d56c8
7c53c9
7752ca
785bcb
8674aa
b0936f
a59969
ae9768
b0936d
be8978
ba8a77
a9936e
ac956a
b2936c
b5906f
b7916e
af9668
ad9965
ae9a62
959a64
9e976c
ac956b
b29668
ac9b61
a4a159
a3a256
9e9d59
75846e
57797b
497b7b
577d78
65797a
757e77
8b797c
7a7977
727a75
767a76
868273
98747b
8f7579
867d74
937a75
7f7c75
7f7c77
6b7879
707878
72747a
7c7579
7a717b
76717b
5e747d
5a747e
66727d
7a6f7c
747378
757278
737577
777775
6f7777
6b757c
75737c
567783
64787f
677b7e
787980
7d7284
5f7b7f
4e817e
5a7c80
6c7082
4d7586
517583
497784
4a7b80
6f6f80
676d84
62717f
527880
547382
647480
84707c
6e7382
4b7c80
567b7e
4d7c7f
487a7e
577482
517684
627581
557781
328681
368c7d
81a25f
a7a25a
8c9e61
7ba160
9ea755
a69f5b
af9965
ac9667
9c956a
91986a
9a9b64
b5906b
b98c72
b68f6f
b4926b
aa956a
ac906f
bb8977
bf8977
b49070
ad9567
937ba0
8060c4
8f68b9
7a59ca
744ed0
7651d0
7653cf
7659cb
8970b7
917faa
99849f
a28397
8b6fb2
805dc3
7e55c7
7d57c8
7c58c9
7955c9
7a5fc9
8979a6
ad956e
a89968
ad9667
b0936d
c08979
b28f74
aa936d
b2926f
b4906f
bc8c73
ba8f71
b2936d
b49568
a59c61
8e996b
a09968
b1946b
b6936d
b19966
a5a05c
a5a059
989a5e
658671
5a7d79
537b78
617d75
707c76
7a7b77
72757e
8a777c
8a7c73
7c7b72
6c7b76
69797a
7b7778
72777a
897576
837878
797478
667b7a
7a7c79
867778
7b737a
727479
68757a
6d767e
897478
7e7279
6a767c
767977
6f7477
6d7476
7a7574
897a72
7a7976
6f7a79
796c89
6c708b
627685
687a81
5a7784
587883
75757f
737681
507982
5f7681
637280
567682
52777f
697081
5f7084
706d81
66707f
57747e
597580
85747c
797283
67777e
65737e
3f7b84
417982
417982
427c84
617384
4e7983
3f8182
3c887e
7b9f64
a8a359
a09e5e
76a265
94a458
a4a159
ac9a63
b19668
a69767
9c9868
9b9a66
b19369
b98d73
b88e70
b19269
ac9668
a8936c
ba8a77
bc8c74
b3926d
ad946b
8f7aa4
765ace
825fc6
7755ce
714ed2
795acb
7a5ec9
755fc9
806ebd
8f79af
9281a2
a08498
8e75af
8363bf
7c57c7
7c54c9
7956cd
7555cd
775eca
8e7fa1
ad966d
a69669
af9569
b68f72
bf8878
af9071
ac936f
b39170
b98d73
c08878
b98e72
b6906f
b5956a
959a65
929a6b
a79769
b4936a
b5946a
af9a64
aa9d5e
ad9f5a
8f9460
5b7e75
4f7e78
547c77
567a77
5c7a79
57797b
6f747c
867678
777b75
917876
827a75
7d7e76
877a78
8c7c77
877d75
917578
82727a
71737b
72767b
74737c
726f7d
72737b
63767b
71737d
6b717d
65747c
56777f
6d7779
757778
677678
727676
7b7675
807876
707979
7e6b8d
70718b
707785
7a7683
617682
657084
497387
2f7983
4c7883
547583
626f83
4e7881
437b81
53747f
657281
796d81
5d6e81
457381
5f6f80
4c7284
5d7781
6d7380
5e7285
537584
5b7385
477983
487a81
577682
417d82
348382
2c8782
689d6c
a5a558
a0a15d
7a9e65
88a15f
a2a556
a3a15b
ae9766
ac9666
a19867
9b9869
a39668
ba8c72
b88c72
b0916c
ad9569
a3966a
b68b75
bc8c75
af956a
ab956a
8977a8
7e60c8
805ec5
734ed2
744fd1
7756cf
7558cd
7862c7
8575b7
9780a6
a18398
a28297
896eb6
8461bd
7b54c9
7b56c9
7c5bc8
7755cc
745bcc
8b79a5
b1966d
a69769
af956a
bd8a77
bc8978
a89171
ac936c
b68e71
bd8978
bd8978
bc8c75
b8916e
a79865
929a6a
9a986c
ae956b
b09568
ac9b63
ac9b63
ac9d5e
a79d5a
849264
5f7e75
50787b
657b76
667b74
55787b
6b767a
61787a
6a767a
737778
7f737a
707679
6f7976
72787a
77737c
8b7479
7a747a
6a7879
797778
7c7678
737479
68757a
5b7480
6e717e
7b707e
5f717e
5b727d
56747d
62747c
7b7b77
7a7a75
727678
5d777b
5f797d
6c787c
6c7584
747483
757781
777584
737484
6a7684
607683
576f85
4e7584
577582
567481
636f82
5c7480
617282
527485
4c7583
5c7282
437b83
427a80
617480
4b7a83
497d81
517a84
4d7584
4e7383
467b82
5a7a7f
5d7584
3e8082
2d837f
1f8881
62996b
a7a757
a89d5f
8f9b67
769e63
99a752
a1a15c
b09669
b09569
a9946b
a59270
9e9868
b28f70
bb8778
b88c72
b0926d
a49669
b28d74
bf8979
b0956c
ac9667
8e77a3
7959cd
7956cc
754dd0
7751cf
7755cc
7455ce
755ecc
816fbc
9b81a2
a88492
a0809a
8d71b3
7f5cc4
7b55ca
7c58c9
7d5bc6
7856cb
745dcc
8d7ba1
b09969
a69a67
af936a
be8977
b28d76
9d956e
ae946b
b88c75
be8779
b98c73
b49071
b19569
989a67
98986b
a2976c
b4946a
ae9865
a89c60
ab9b61
b19c5f
9e9c5d
7c936a
5d7e76
4d777b
507d7b
707f75
727c75
7e7877
687477
55757e
687777
7f7176
797179
7b727a
867078
826d7a
6f707b
75737c
7a727b
787577
887376
777a79
67747c
547481
537680
6c7b7a
69747c
69707c
6a717d
6a717e
61737e
5b737e
55737e
5e737e
57777d
5d777d
5e7288
737183
877381
8c797f
837581
7c7383
777383
666f87
5c7081
6a7080
696c87
6b6983
55777f
4c7c81
5a7384
597183
4e7283
5b6f82
437781
487b81
517a82
6c7a7e
5d7581
4d7681
567282
507384
3f7a84
417a83
3d7d81
308082
1c8583
4f9771
a7a65a
a99e60
a09a65
789d67
94a358
a2a15a
a99a65
b09668
aa9768
a2966c
a39768
ad946b
b48d74
bc8977
b1926d
a59767
a7936e
bc8879
b6916f
ad9666
8a77a5
7757ce
7754ce
734dd2
774dcf
7452d0
775cc8
7a68c4
8f7cab
9d8b95
a6888e
99809c
876eb6
805cc5
7b55cb
7958ca
7857cc
7759ca
735ecd
907d9e
ac9868
a99767
b3916f
bd8b76
ab9172
a39669
b2936e
bc8a78
bc8a76
b49073
ba8d71
a69768
92986b
99966c
a7966a
b3946b
b4956a
a89d60
a99d5f
ad9c5e
919d5d
889764
678272
617f74
638474
768075
6e7e71
767d74
787b74
6d7676
757576
787475
827275
767478
797378
8d7277
7f7579
73737c
91717c
89717a
6d767c
6d797b
6d757b
66747c
7c7379
7e7977
6f7579
64747d
5c787e
72767a
787479
63737d
5f777d
6a717b
52767d
517a7f
7c6c87
756d86
756d87
8d6d85
926f85
727086
6b7285
7e7484
6d777e
69737f
5b7584
537583
657084
4b7c80
54757e
45757f
447480
516f82
4b7280
447d83
5e7a7f
6c767c
4a7a83
427982
4d7681
397a86
407b84
4f7681
487781
328182
1d8483
3b9077
9da55b
a0a35b
a79b61
8d9b67
8aa05c
a5a159
a49e61
ae9569
b0936c
a8936e
9e9669
a89669
b48f70
b38c73
b88b75
a59769
a6946d
bd887a
b68f72
ad9765
8e7b9c
7555cf
7650d1
734dd3
734cd2
7351d1
755bcb
7865c5
847bb4
9a918a
a28d87
95809f
8d74ab
7f5ec3
7754cc
7957cb
7a5ac8
7756cc
7461cc
968295
ad9966
aa9768
b39170
b78c76
aa9270
ad956a
b48f71
ba8b75
b29171
bc8b77
b98c74
97966b
9e966f
a1976a
b0956a
b09669
a99d61
a69f5d
aa9e5e
a3a05b
919d5c
809462
5e7a79
4f7a7d
697d76
717e74
597877
627676
657b76
747b75
6e7778
797478
777376
6d7578
6b7578
787579
68787e
76737b
6d767e
60747f
607380
5e767f
70747b
747679
737979
6e7879
59757b
5b757e
5e747f
67757a
64747a
5e757e
63747d
687579
67727b
5d737d
956786
886888
886786
866b88
8d6f85
8c6d86
8d6a87
7a7183
827380
887282
6f7180
6e7380
697384
667082
5e6f82
5b6c84
656b82
517680
407a80
5b7880
657380
4e7782
2c8087
477684
567182
4a7785
4f7b82
477b80
418081
3f7f7e
1e8381
228c81
85a25e
a3a756
a89d5f
9c9869
7f9c65
a3a15a
a59d61
b0946b
b68f72
af9070
9c956c
a19767
b5906e
aa946b
b08f72
b19070
a0976a
b88a78
ba8b75
b39369
937f94
7053d3
744ed3
734fd2
7250d2
7551cf
7254d0
7461c6
7f78b6
9d8993
9c8b91
a9878c
a9818e
8c6bb5
7955cd
7854cd
7a55ca
7654ce
7261ca
9e878c
a89b65
aa966a
b88e72
b68c75
a0986a
ae956a
b58f72
af936e
b59072
c18877
a9956a
9b956e
9b9571
ab946e
b4926d
b39768
aa9e5e
a79f5d
ae9f5b
96a05d
929d5f
839064
5b7779
557a7b
5a7d7a
6a7a78
657579
627877
677c78
73757a
667b77
6f787a
707379
6a7279
6c707b
62717e
59767e
5f777b
69787c
6d757b
5d777d
69747c
7e727a
6b787a
6c757c
7a7478
697879
5e787b
64797b
7b7c75
647579
59767b
667379
627678
62747b
63727c
89618c
88628c
8c6888
807085
877184
966c85
916f85
856b85
816986
856984
786985
856d85
7c6e83
776f84
776f80
6c6982
656a82
4a7184
4f7680
617580
4d7582
447881
417883
447583
56747f
67727f
427a86
427b82
417c7e
3f7c81
247f82
258582
6a9b66
9daa54
a89e5e
a19867
75976d
979e60
a79c63
b1936d
b69071
ab9271
a1956e
9d9967
ae956a
aa9569
a9956c
ac936d
a0976a
b08d75
bb8a78
b7926b
9b8886
795cc8
724ed4
7551d2
7453ce
714cd2
7252d0
7a5dc6
8472b5
98869a
a5878e
b88781
b18488
9875a6
7e58c6
7952cd
7853cd
7656ce
7361c8
a38b82
a79a66
a9966a
b78c74
b58c75
a4976b
b1936d
b39071
b39072
bc8a78
bb8d72
9c9869
9a9571
a99370
b4926f
b4936d
ae9965
a5a05d
aba05d
a79f5a
8aa061
9e9f5a
798a68
5d7876
537a7a
4b7b7c
5b7a7c
717c75
707d74
777c72
6b7775
6b7779
59797b
61737c
7e6e7b
64727c
5d747d
62757e
76717f
68727c
62747b
68757a
61747c
69727d
59777c
66737b
78717a
737679
5e777a
5e767b
64777c
667878
63747a
557879
657876
5e7a7a
5d787d
9c5390
9c5690
8b618b
8c6489
996986
956b85
906984
7d6b86
6d7283
916e80
867181
6a6f82
697083
597182
676c84
626e85
5c7380
5b7080
666d81
4b7a7f
457982
527383
4b7581
397a85
4c7a7f
59777f
5a7a7e
64777e
50797e
377f81
248082
228382
4f9573
95a758
a89e5d
ac9666
81996b
909e63
a69d62
aa956b
b78f72
ac926f
ab8f73
a1966d
a9956c
b38f70
ad936c
ab9568
a0986a
a39272
bb8b77
b2936b
a28b7d
7c62c4
7350d2
7451d0
7554cc
7553cf
7557ce
7c64c4
8679b2
8f899e
ac8886
a6858e
b08489
9774a8
7a5aca
7a55cd
7855cb
7559cd
7a69be
ad9177
a69968
ac956c
ba8a76
b38d73
a59969
b1926d
b78f74
b48f73
c1867a
ad936d
95966f
a09472
b29070
b79071
b5936c
ac9d62
a5a15c
a6a25a
9d9f5c
939b5f
a09a5b
5b8473
50757a
5c7a79
577d77
607f74
798172
7a7e71
6e7e73
727a76
777f76
837c71
657878
677b7c
767878
72747b
64737e
477980
6f747b
787776
707778
787678
66757a
6c7679
747676
6e7479
61777a
657679
63757d
60757c
56767b
5e757a
5e747b
5c767b
52767f
4f7781
9d588c
9f5b8b
a35a8b
98588d
8c5e8b
8e6886
866389
82628c
82668d
886886
866886
826a87
816985
7e6784
7d6685
756886
646b83
5e7180
3f7883
427982
397d83
298183
3b7b81
457881
507481
357885
407981
597b7d
48797e
3c7b80
288181
278480
499677
89a65b
a0a258
ae9865
95976c
849d68
a49d61
a79769
b68d74
b19071
a69073
a1956d
a69769
b58c74
b28f70
ae926d
a49867
99986b
b88c75
b7906e
a89074
8069bb
7553d2
7754cf
7556ce
7658cd
785ac9
7a66c5
867ead
a68b8c
ab8789
997f9e
9a7f9c
9777a7
8460c0
7f56c9
7353cf
7358cd
8273b0
b0946f
a59868
b29071
c0877a
aa9072
a79869
b58f71
b68e74
b98a78
be8a75
9c986a
95976e
aa9370
b98e73
bb8d73
af9769
a5a05e
ac9c61
aba05b
94a05e
999d5e
8e9661
488079
437d7a
4e7d7a
697976
567978
497f7a
7b7c74
867c73
717e75
798276
7d7d74
7f7875
6b7879
7c7778
5e747c
6b767c
61777d
6f7878
6e7479
5b787d
5f777c
6a717b
6f7778
7c7973
717577
60777c
64767b
717679
61777a
5d767a
5c767a
65767b
5a757b
55777d
56767d
8a618b
9a618a
9c5e8a
9d6089
976388
826887
8c6789
8f6089
946188
8f608c
906488
8e6586
876288
8a6386
906486
846585
646a82
457684
367d83
407b80
42787f
48757d
557482
537281
4f7583
407c84
427b82
3f7b81
407a80
317c82
307e81
2f827d
4e9174
7ba160
99a951
a79b62
ab916f
7a9d6c
9b9f60
a79967
b38e73
ba8b74
ac9070
99956f
a6956c
ba8b75
b08e73
b48c75
ae926e
a0976c
b08d77
ba8e73
ae916f
8a74ab
7151d5
7555d0
795bca
7657ce
6f53d2
7c61c3
8071b6
90839b
968696
9380a0
9879a2
8a6ab6
8260c2
7d5cc8
7e5ac8
735fcd
917f9b
b2966b
a79869
ba8a73
bd8879
9f976c
ae936d
b88d73
ad9271
be8878
b49070
94996c
9f986b
af946c
bd8977
be8b75
ad9a66
a99e60
ac9d61
a79f5e
8e9e63
a39c60
738f68
437b7c
507979
49797b
537978
4f787a
48777a
627779
66787a
707976
657876
60777a
76797a
737978
67747d
6a7579
68767a
7e7578
747477
6c7079
55767d
61747b
707378
707678
717976
687b76
69777a
6c747a
6a7579
53777d
58777d
5b777b
5a767e
527780
54797d
5b767b
905b90
91608d
8a608c
995b8e
97608b
8a658b
9a6985
9b6188
966089
a06485
996188
985e89
976486
986386
8f6885
7d7080
557380
357881
457b82
527980
4a7c81
3b7d80
477485
397a84
357d83
4d7b81
4a7a81
457c80
467d7f
3b7e7f
317e7f
1c8481
499075
6c9c6a
8fa756
a29f5e
b5926f
819771
8f9d63
ae9867
b28e70
b68e74
b38e72
a09272
9e956e
bc8977
b38c75
b38c75
b58c75
a0976b
a98f77
bd8a78
b1916e
9a7e98
795ccc
7757ce
7b5dc9
7253d1
7056d0
7b64c4
816fba
917ca6
92809f
968299
8d76ac
8868bb
7b56c9
7553cf
7e5dc8
7466c6
9e8a88
b2966b
a7976b
bb8976
b48b77
9c9969
b2916f
b58e72
b28f74
bf8977
a1946d
959670
ac936f
bc8978
c3857c
b69171
aa9b66
a99d60
ad9e5e
999f62
949b64
989963
5b8773
567c77
4e7b7b
4e7a7c
617c75
5b7d77
6a7b72
5a7a79
5e7c78
647978
5a7a7a
687879
66767c
5c777c
6b767c
5f797d
64787b
71737b
706f7c
6a727a
60757c
64797b
807875
627478
6c7478
63787a
60787b
787a76
6c777a
5c757c
5d787a
61787b
5a777e
4f797f
5a7a7d
54797c
835e8f
8d5e90
955794
9e5890
9a5d8d
9d5c8e
9f5f8d
a46688
9f6287
a26287
9a5f8b
906484
8d6781
776d84
5c7481
407e7f
3c7980
357c82
3b7d80
467c7f
3e7f81
3f7c82
4c7381
4d7484
2f7d84
317c83
437881
4b7b7f
3e8080
348080
337e7f
2b8181
3d9077
6a9d6a
80a060
9ea45a
ac9767
9e9272
899e66
a99b61
b38f71
bc8978
b28e71
a59073
94966e
b68c75
bc867b
b28d74
b78a79
a5966c
a39271
bc8a78
b1926d
a3858b
8767bf
7955cc
7957cc
7150d2
7154ce
7562c7
8474b7
8579af
8b7fa4
917ea1
8673b3
8463be
7653cd
744fd0
7255d2
796fb9
b19079
ae936e
ac956d
bf8778
a39171
9c9a69
b79071
ba8b75
b68c76
bb8d76
9d966c
9e956d
b28e74
c3847d
be8a78
b2946e
aa9b65
ae9c63
ad9d5f
8a9e65
a39c60
8f9661
49817a
567b7a
4b787b
4d787b
467b7b
5b7c78
677b76
6c7976
597879
567b7d
5c7879
60757b
6e787f
7a747a
787377
68737c
74747c
6a797a
67787b
4f7880
6b797b
6c7a7b
65767c
58757c
56757c
5d7d7c
697d78
6f7d77
697979
63767b
667a7a
5d7a7d
54777f
58797e
5c7a7b
557c7d
855794
8b5996
9c5a8f
a75b8d
a25f8c
9a618d
98668b
a06886
926789
7c668b
73678b
7c6a81
6a7081
497880
45787f
497682
4d7680
52747e
467b7f
497c7e
3e7f81
3c7f81
407a83
4f757f
3d7a82
387b82
457a83
447b81
427d7f
337f80
397c7f
278281
3c8c77
6f9e6a
6d9d67
96a558
a19d5f
ae946c
8a9c68
9c9f5e
b0936e
c2857b
ba8a75
a99071
91966f
aa9170
be877c
b28c77
b88979
ac926f
9f9470
ba8a7a
b78f71
a68a82
8167bf
7755ce
7858cb
7354cf
7054cf
725eca
7b6bbe
8078b4
857da7
937ca2
846cbb
7b58cb
7652ce
7254d1
715cd1
8679a5
b99174
a8966c
b2916d
bf8977
999869
a59869
b78f72
b78d75
b78f74
ad936f
9a966e
a8936f
b68d74
c0877a
b78f72
aa9a67
ae9b65
b39c62
9b9e5f
8d9c64
a79f5b
7f9165
3c7a7e
4f797b
477a7c
3e7e7c
457e7b
677c74
5a7c76
667f73
6e8072
6d7e74
807c73
65787a
60767d
59797c
6a777a
75737b
68757f
53777f
60777b
62767c
68737d
61797d
5d767d
5d747c
5f777a
5b7c7b
637e78
67787b
63757d
60767b
67767b
61777c
4f7881
5b757b
56747c
4e7680
925694
9b5692
a15b8e
a36089
99618b
89648e
9b648a
8f638b
956589
916789
826687
686c85
686e84
616e85
596f84
666c82
5c6e81
60767c
4e7c7e
387e82
378281
4b7c7f
417d82
4b767f
437682
3c7a84
378082
407e82
4b7c7e
4f7c78
367d7e
278280
2c8a7d
689b6c
6c9f67
93a555
9fa05c
ad966a
97986c
949e5f
ab9768
bd8779
be867a
a89073
9a9370
99956e
b18d79
b38b7a
b6897b
b38e74
9e966d
b38b78
ba8c77
a58f77
8872b2
7757cd
7554cd
7053cf
7155cf
6e5ccc
7568c2
8278b2
977da0
9076ab
856abc
7d59c7
7550cf
7359d0
7061ce
947b9d
b89271
a5976c
b2916f
b48e73
9c9869
ac956b
b78c75
b29072
b78f74
a99370
99976e
a3956e
b19171
be8978
b09669
aa9c63
ab9b64
a49e5e
8b9d66
a69c63
a29c5a
648b6d
477e7a
487e79
4a7c7a
517e78
577e77
677e73
5d7e74
527f78
727f74
667b76
597b7d
6d7c79
767777
64767b
4d7680
64777c
5f777c
74757a
777576
60797b
6a767d
65757d
58767e
5e777c
767478
677479
587a7d
68747b
62737e
65767b
61767b
66757c
5f757c
55747e
56757f
54757e
8f5396
a05392
9d5595
995994
995893
9b5a90
9b5e90
935d8f
88628c
896887
886987
74628d
7b5f8e
6d678b
6c6886
786a84
6a6d83
4b7980
517381
3c7b84
358083
417c82
3f7c84
3f7882
357984
357b84
3c7e7f
427e7f
3f7e81
497c7e
298280
2d8280
2f857e
61946d
7c9d67
809d5e
a5a35a
ab976a
9f966d
879d64
a39d61
b48c76
c1827d
b08e76
969273
9a956e
a39472
a09276
b08e76
b28f75
9f966d
ac8e77
b98d77
a99272
8c79a3
7757cd
7455ce
6e51d1
7053d1
6e5ecb
7e6fba
8779ad
8677ae
846eb9
7f60c4
7755cd
7450d1
7355d1
6b5dd1
987d9b
b2946e
a5986b
b19072
ae9073
99996b
b0926f
b88d76
b38f74
bb8e72
a0966c
92956f
a0976d
bb8a76
bb8c73
a69d61
ab9b64
ae9b61
909d61
95976c
ab9e5d
989d5a
5d8870
4b7e78
3d7d7c
3c7a7e
4e8278
568176
587f77
617e75
5b7978
56797b
657e76
6d7c74
707a75
627b7a
7a7976
67757c
5c7480
76777b
6f767a
77737c
69757b
5c797c
65777b
64747b
66737b
6b737a
5f747b
59787d
62777d
69767d
63737c
63747c
61727e
5e717f
5d737e
5c757e
58757f
a45095
a25593
a65a8d
a75b8f
a65a8e
9e5e8e
9f5f8e
915e8b
845f8d
7b5e8e
925f8d
9a628a
84668a
646d87
646a87
5c6d87
287f86
347a84
397883
3b7b82
427c82
398281
337e82
377a83
2a7f85
317f81
318085
367e81
3f7f7f
3a7f7f
298083
268283
3a807d
4c8e73
869e61
6b966e
98a258
a99c61
ad916f
7e9a6a
989e61
ad946d
b78a78
ac9074
959570
a1966c
b09076
a49175
a0956f
a39571
9f956f
a09274
b58f75
b0916f
957e96
765cc9
7757cc
7052d1
7254d0
7663c8
796ac3
8477b2
8175b4
7c67c1
7a5bc9
7654ce
7453d0
7459d1
7065ca
a9868b
aa956b
a4976e
b38e73
979471
96996d
b1936f
ae9271
b28f74
b09170
91966d
8d9770
b18f72
c08977
ad9868
a29f5f
ab9b61
a89d60
7d996a
a39967
aba059
899662
4e8378
3f7c7c
467a7a
407d7c
468378
597f75
597e78
5c7977
507d7b
5d7e78
778173
7e8171
797a74
707975
657977
5b767d
5a777d
6c7b79
5d797c
5b7b7f
6e767a
65757c
5a767e
5c747d
66787a
767c77
6f777a
61757e
557b80
62777f
5e757f
56777f
5e747f
5c737f
62747c
5d747d
5d7380
985693
a3588f
a25791
9d5c90
9a5c8f
8f5f92
906191
915b92
985395
925697
8a5c94
82618a
866982
897181
896f83
3e7688
397584
487583
417882
517782
437f81
367f80
337c84
2c7d84
377d82
56807a
5d7c7b
447c7f
477e7b
3d807e
248280
24847f
32837e
3b857b
6a936e
669472
8ba15c
a6a25b
b2936c
91996b
8ca060
a59a69
ab9270
b28f74
a09271
8f996c
a9936e
bf8679
b68a77
aa9073
a59470
a09373
ae8f77
b08f75
997b98
755eca
785bc9
7457cb
7158ce
7262c9
7b6ebd
8475b0
927aa7
8068be
7859cb
7a55cc
7756ce
6e5bd3
7a6bc0
b18e7d
9b9770
b29172
b38d72
869870
a3966d
b09270
ac9370
b78c74
9e966b
819571
97976f
b68e75
bc8c75
a79c62
a19f60
a79e5e
869a67
8f976e
b09c63
a2a157
71956a
40827d
3d807c
4c7f79
568175
5f8474
5d8474
597d77
587978
577c78
6e8175
777e73
737f75
6b7f75
6b7e77
707a78
64757a
68767b
5b787b
477980
587a7c
68797a
67757d
6a7580
67767f
5b797e
67787c
67787c
62787c
667b7c
61787c
63777c
61767d
64707e
656d7e
64717e
5d737e
59747f
9c5296
985796
9c5694
995695
9a5894
9a5794
92559a
9d4e9b
9b5296
875f92
7e648e
805e8d
77618b
676c88
716f84
697283
616f83
517180
3c7d80
467c82
417b82
3c7982
367c83
378181
477d80
2f7f82
3f7f7e
627d7a
5b7e79
478279
518572
598574
558279
3a847c
538d74
739b6a
78a062
a0a458
ab9866
a09370
8d9c63
9f9b66
a3956e
b19074
999175
8c996c
a7956c
ba8978
b78b76
b48f72
a8946e
9b966f
a69175
ad8e76
92789f
775fc9
725bca
6f55cf
7057ce
7561c8
776cbf
8d7aa7
967aa4
836abd
7f5fc5
7f59c7
7858ca
6d59d2
856cb7
ac907d
a49471
be8b72
a09072
7e9870
aa966c
aa956d
b39172
ba8e73
9c966a
789373
a0956f
bd8b76
af966b
a1a15e
9a9f5f
9c9c62
839670
ad976a
a5a15b
8d9d5d
63946f
588c72
578676
548276
3d7d7c
417d7d
4a7b7b
4d7e7a
547f79
5a7d78
5d7c7a
5e7c7b
5e7b78
677c76
58797a
597a7c
5d757c
5b757e
61747c
547b7e
5e767f
7b767a
7b7977
5d787c
6d777d
6c777c
61767c
6b787d
637a7d
707a7c
607b7e
607b7d
59777d
577480
607081
616f82
5f717f
61737d
955599
935997
985894
965796
995696
955b95
9b5995
985a93
915e91
89608d
855995
7c5b92
706189
636985
6a668c
70628b
716986
6f7180
597a7c
3f7e7f
357d81
437682
357b83
417e80
3a7c82
2b7d86
287f84
327f82
477f7e
518078
698575
508478
268380
27877d
4e9573
839e65
74986b
909f5d
a79e60
a8956b
809b69
9e9e5e
a9966b
a99272
8c9177
899673
a0996d
b98a79
b68c79
ac9372
b19070
9e9571
9c9473
b48a79
8265b7
6e56cf
7157cc
6e57ce
7058d0
735ccb
7d6cbb
8777b0
8d77ad
886eb5
7e5cc5
7c58c9
7b5bc6
725ecc
826dba
a28d86
af9174
c38975
8c9473
83996e
b2946c
ad936e
b88e75
b2936d
839470
6b9278
a9966e
b79170
a59e61
a1a15e
a39d5f
879c6a
8a9a6e
a39d63
9ea159
819b63
6c916d
538774
4d8576
588375
4a8679
5c857a
698379
63837b
63847c
638578
7d8374
758179
6f847b
7d8477
757f77
667b79
57767d
50737e
4d777e
63777c
65777d
76777a
727879
6b737b
64777d
76747c
6b757b
70777d
6d757c
5e737e
57777f
517981
517a81
5a787f
587380
577181
607380
5d717f
9b5891
a05791
995596
9a5397
9c5596
9a5897
985b95
925d92
895b91
865992
855f8d
816689
7c6289
776287
75628c
6f608d
6e6589
5e7187
537982
5e7b7c
507b7e
317e82
208383
3d8083
207f85
3a7e80
5b7d79
4d837c
40827d
417f7f
318281
568274
5f8273
3a857a
439077
749a68
7a9a68
779867
a0a25c
9c9b64
8d956c
8d9c60
a89d61
ac946d
919274
7b9179
909671
aa9373
ab8f77
a29373
a79571
9e9672
979571
b2897c
8366b9
735dca
6d59cc
6e56ce
7557ce
7a5ec5
836db8
8471b5
9076aa
8a6cb2
7c5cc6
7c58c9
7d5cc5
785fc7
7b6abe
9f8c89
b78d75
bd8b73
7f9571
9a976f
b3936f
ab946f
b29272
a5976a
779172
799375
b2956d
af9669
a59f5e
a2a25b
9d9f5e
799c6b
8e9d6b
989d65
969f5d
759b68
64926e
5b8972
618871
638975
63847a
5c807a
517d7d
467d7c
4f807a
4f7c7c
54797a
567a79
627f7b
5c7c7c
5f807e
717f7c
6b797e
64727d
5f727c
5b747e
617680
60777e
527681
61757f
6c737d
6c747e
6c767e
70777c
79757a
6d757d
67747c
5c757e
5c767f
5b767c
597180
587482
5c6f81
616f80
a35197
9f5397
94569c
9a5597
a45494
9f5796
935b99
945995
835996
6f6392
71638e
7a628a
7b6289
816089
80608d
7e648a
656a86
487685
247f86
2c7c86
4a7884
567c81
587e7e
498280
34867f
578180
6a7c7e
56807b
4a7d7b
3a7f7e
31807f
337f7e
447d79
4a7f79
49837a
5f916f
7d9b64
71986c
8d9f60
899e65
92966b
74966b
a09f5e
939c6a
a19669
849175
7c9373
9b996e
999674
a39571
a59570
9f9473
8f8d7f
9e7a95
856ab9
745ec8
6f57d0
7153d0
7455ce
785acb
7c65c2
8472b5
9277a9
8a67b9
7a59ca
7f5cc5
825ec2
7b5fc4
7764c4
aa868b
b29174
a48d74
6d9077
a0956e
ac966c
a8966d
ac946f
a19968
6c9175
849671
af9968
9fa25d
a2a15b
9fa05d
7c9e68
8c996c
9a9d66
8b9f61
759c6a
909c63
6f916b
5a8a74
648574
668376
4a7b7d
467b7c
4a7d7b
4e7e7b
537f79
607e76
547d78
54797a
547b7c
5f7c77
627d78
537f7d
6b827b
8a8177
857a77
67767c
5c727e
67757e
557982
5d7a7f
6d737d
617380
5a7581
64747f
6d767c
67747f
6d737e
64747d
587582
626f7e
567380
507584
597080
5d6f80
a05495
a55593
a65991
a55993
9b5a96
8c5c98
945c95
965696
736193
686690
815a91
855b90
865f8d
92638b
8c6686
6e6b85
4f7882
3c8081
387f81
407e7e
44847a
3d827f
4b7b81
537e7c
627f7c
677c7d
568277
667e76
60807b
5b837a
648575
548277
3c7f7c
3b817c
2e807e
468876
749567
869c66
6e9d67
a0a356
a29963
708d73
69976f
8ca068
ae9666
919272
779574
9e9a6d
ae9273
ab9470
a6956f
aa926f
888488
856bb0
846aba
765fc6
7558cd
7353cf
7456ce
7c61c5
8870b6
8e77ac
876db7
8563be
805ec5
7f5cc6
7c5ac7
775cc6
7461c7
a28192
a49276
978e75
6c9077
9e996a
a5986b
a7976e
a9956c
819070
5b847e
8f966e
a29f60
97a060
a69c63
899d65
739a74
ae946e
9d9e61
6a9b6c
789a69
8b9d62
6c946d
748c70
558576
537f79
467c7f
537d7b
507c7c
4c7b7e
4e7d7c
587f79
547b7c
607978
598079
6a8577
728677
6c8078
6a7c7b
62777d
6f787c
6e7a7b
5d777e
6a787d
65767f
5c7880
66787e
67757c
6a7c7a
6a7a7c
6f7a7b
67797c
61757e
64757f
5f7680
5f7381
5b7281
567581
597482
5e7580
a95092
a65594
aa5a91
a55994
935b97
965b95
915c96
796096
815a97
915399
8a5398
845995
7e5d93
815e92
84628a
656c85
4e7583
4e7c7c
537b7c
497d7f
4c817c
53807c
3e7a82
2f7984
2e7784
40797f
57797c
52787c
497e7d
4c7d7c
3a7d7f
3c827c
4b8576
568972
478775
498a74
62946e
809968
76986c
8ca15d
b19d5d
829172
578e7a
879e6b
9c9a6b
849073
60877d
91976d
b2946f
b19171
a59471
ac936f
958486
856bb4
7761c5
775bc9
7558cd
7658cd
7758cd
7b5fc7
836bbc
8b72b0
876eb9
8163c3
8060c4
805cc6
775dc9
775cc7
7660c8
957c9d
b69172
9a906f
759371
a89a6a
b58f72
b2946f
a09968
718e76
638d7c
839a70
889b6e
849c6e
a39a67
769d6b
8d976f
ab9a63
74966b
559372
889e63
62976d
76956a
73926b
618b72
638876
628677
538079
598278
547f79
4f7d7c
4d7a7d
4d7e79
6a8373
618476
5f807b
5a7a82
517781
5e767d
5c767f
57737d
56777d
547b80
747b7a
6b787c
65767f
5f7480
73767d
777d79
6e7a7b
70797c
64787e
6e757c
6d757d
5d757e
58777f
63717f
60737f
5c757f
5d757e
a54a9a
a24d99
a74997
9f4e9d
97549d
95559b
7c5ca0
8051a3
914ba2
8c529f
8a5598
7b6093
856090
815e8f
6f638b
536f84
4d7284
387c84
447b81
358280
417e80
437b81
327e81
397a82
347d83
2f7f81
3b7c7f
45797f
467d7d
417c7e
3b7c7c
3c827b
4b8575
598573
488678
459174
73976a
78996a
709670
6f986a
9fa15a
899c6a
649275
729a6f
8a9a70
98946f
678d76
839470
ac966f
ac9272
999373
ad8e76
9b7a96
7d63c1
755ccc
7656cd
7655ce
7959cc
7758cd
785bca
7f68c0
9073b0
876cbb
7d5cc8
7a59ca
7d5cc8
7c5fc5
7c5dc6
7d62c5
806abb
b0887f
859078
6c9179
ab976e
b98e71
b1956a
8d976a
608d79
7e9771
8f996d
859e6a
919e69
a29b63
6e9770
a39668
939b68
579876
7e9a68
839e65
73976c
7a956a
809468
72926d
618d74
5f8975
658774
6d8673
55817a
4f7f7a
5a8078
6d8474
728474
557f7c
507d7d
597a80
5a7a81
62797d
69777c
5f747e
64757a
5c797d
747a7d
6f797c
71797d
6f767f
577880
5f767f
63777e
6a767e
567683
637881
74747b
617481
5a7683
657480
667480
707480
69727f
a3469b
a64799
a14c9b
98549c
99559b
95529c
8b53a0
9b519f
99549a
9a5597
8d5d96
8e5d92
935b92
955793
63658e
427289
407585
4a7880
4c767e
3b7f7f
3c7e7f
3e807f
397c81
327c81
3b7f7f
577f78
5d7c77
5e7f77
598178
557c7d
567d78
49807c
407f7e
44837a
498976
568e73
63976e
84a161
919d62
6a966c
829e64
8b9e65
7b9c69
92a260
a39b65
a8956c
739074
7a9574
9b9772
9f9474
a49271
a58288
8568b7
7a5bca
7a59c9
7356ce
7257d1
7759ce
7458ce
7a5dca
8369be
876eb9
8262c3
7d5cc7
7f5dc5
805cc5
8060c4
805fc5
7a5dca
8265c2
987f95
66917f
899673
b29171
b1936e
a7956a
709273
659077
a39a68
9f9e65
9b9f62
af9964
859b64
84996d
9b9a67
5f9378
5f9873
a79f5d
71986b
6f9270
799370
77936d
6c906f
628872
5f8674
568476
6f8674
6f8773
6e8773
748677
6d8576
5c807a
5c8078
627f7a
687d79
667e7d
587980
63797d
5f777e
5c767c
5a787e
547683
5d797d
5a7a7c
6a797c
6a767d
5d787e
69787d
677580
5c7881
647880
6d797f
6d7480
6d7281
6b7380
5e7583
5d7586
6c7381
9f4c9a
a54d98
a34f97
a94f94
ab4e94
99519b
985797
a95890
a65991
a75495
94549a
885699
98509b
895895
526b8f
516f8b
437686
368183
3f7f7e
587f7b
5a827b
66807b
577c7f
457f83
467f83
487c82
51847f
76837d
907f7c
7a807c
618080
447f7f
547f7c
5c8178
548a71
498974
63936e
799d65
a09f5c
80936d
5c9173
809a69
6f9972
759d68
a49f61
a99669
729278
7f9871
9f9a6c
ab946f
b88b78
9776a2
7862c7
795cc9
7a5ec9
7759cc
785bcb
7659cd
785acd
7f61c7
8268bf
8b6fb8
7f65c2
7f60c4
805fc4
7c5aca
7d5cc7
7f5dc7
7c60c9
8164c2
8d7ca3
918f7b
b48f73
af9073
aa9272
a4946c
659774
8e9770
ac9969
859f69
9e9b68
a89c64
729a6e
a09768
769371
4b9279
919e65
8e9e62
559274
5f9071
689070
75956e
77946d
668972
5b8375
4f807b
53807b
648575
6a8677
537f79
517d7a
5e8079
6c8278
627e7c
5f7d7c
607d7e
5b7980
5b797e
57797f
587a7e
5e7980
4f7c82
5a7f7e
6c7f78
697b78
677a7c
5c7780
617682
647680
6b757f
6b767f
637582
5d7583
6e7182
6a7482
6d7480
677382
667382
aa4c93
ad4794
ad4a93
ac4b95
a15199
94559c
a65294
a74f94
a94c94
a54c9a
96539a
985a95
995c94
8d648d
79688b
71708a
697088
597786
617581
5a7784
537a81
65797d
677d78
5c7f7b
5b7880
6a7a7f
8d7980
80777f
6f7b7d
66807c
58807a
41857b
40887a
518c76
68916e
5a8e70
598b74
5c9572
859e64
929966
478b7a
5d8977
788e70
4a8e7d
5f9677
81956e
6a9576
819673
ae966b
b38a7b
9774a2
8367bf
7b60c8
7b5cc7
795eca
765acc
7a5cc9
795ccb
7b5dca
8468c1
886bbc
8a6db8
8269bf
8465bf
7d60c4
7c5dc7
815ec5
7e59ca
7d5bca
7961c8
8972b1
b58a80
b38c77
a79076
9b9472
92966f
5f917a
98956e
9a986d
829773
999a6a
709771
819770
94946a
519179
6f976f
a7a15f
669a6f
72966e
77956c
619371
6b936e
639173
688f6f
6d8e71
638576
588079
4f7d7c
52807c
648676
688075
5f7d78
62807a
6a837a
657e7b
677d7c
57787f
5b7880
56767f
577b82
597881
597c80
777e7b
727c7a
5b7a80
677981
697a7f
627781
537784
577683
637581
667780
687682
6b7280
707181
647482
6b7382
6f7183
aa4b94
ad4e92
ae4d91
a44f97
a25198
a74c97
aa4d96
ab4c94
b04c94
9d4e9f
9d539d
9b5299
915895
7e648e
73688d
7b698a
597885
4a7a84
497b81
3e817e
45867a
5f8376
507e78
5d8176
6e8378
827d7d
61797d
667f7a
747f7a
6b7c7f
617f7d
59847a
588678
65857a
678577
688777
608976
639171
569273
849967
6f956e
64956e
73996e
649f70
8c9e64
9c9b68
9c996d
aa9076
a17c92
8566b8
765ccc
795ec9
8061c4
7b5ac8
7457d0
775bcb
785ccb
765dcb
7a60c8
8369c0
846bbf
8469bf
8266c1
7f61c3
8364c1
8062c3
835fc2
7d5dc7
7c5bc8
7a5cc9
7a66c5
8e76ab
b18a82
b19570
a9956f
98956e
61927a
899573
899872
7d9471
7e8e75
58887c
88966d
669475
629874
929d67
72996d
6c9a71
81996a
73956f
829073
728d73
608a74
658d6f
598876
58807a
52807a
587c7a
4e7c7e
537e7b
60847b
728477
708476
6d8179
708178
768176
657d7c
63797c
64787e
537983
577a83
5d7880
617a81
5e7a81
577980
5e7781
657a81
6c7a7e
69777f
577781
677481
6b7583
667484
677482
687481
6a7680
617582
707282
a24b9a
b04d91
b04993
ad4b96
ac4a96
b04994
b04e91
ad4f93
ad4a96
a14e9c
a55399
a15497
845e96
666c8e
626d8c
726e85
6e7484
6b7983
757c7f
6e807e
868076
898276
847f7a
868278
9f8376
978175
938174
a58077
937d7b
797a7d
5a7980
42817b
438478
3f877a
578b73
618973
628b73
70936d
5d8f74
6d916f
6a976f
649872
82937a
818b88
937e95
9575a0
8f70aa
8364bb
775bcb
7157d2
7b5cc9
7859cc
7757ce
7756cd
7457cf
7a5bca
7b5cc8
7c60c6
7c63c6
826cbe
8772ba
846abf
8165c3
7f60c5
8163c4
8466c2
8061c4
7d5cc7
7b5bc9
795cca
7d5dc7
775ecb
836bbc
98829a
a1937f
a29b6e
8aa069
a09a6a
9c9c68
959d65
7b9371
739272
9a9e65
6d9773
749571
78966e
579076
6c9570
74966e
588e76
698779
728976
798578
838578
708575
5a8076
598079
5a7f78
58817a
648177
628377
688277
788377
7e8277
728278
678178
687c77
627c79
607c7d
617b80
5c7980
647780
567880
4d7c84
5e7b80
65777d
60787e
627b82
6a787e
68767e
607881
707681
6f7681
6b7681
687381
6e7480
6f777d
6e7380
a4499a
a94a97
a84c98
ab4d94
b04794
ae4d94
ac4d95
af4c94
ae4a94
ae4c97
a74c99
97519e
7d6096
8d6b89
7d7284
6b6788
5c688c
567085
4f7481
367f81
507f7c
728178
9f8077
a27d78
a0797a
a07d79
a07e75
987e7b
927d79
808177
66807b
658578
728673
688576
778574
748673
668875
6d8c71
638f74
66926f
70966d
6d828f
7968b2
7763bf
745fc7
7c61c3
7e61c4
7c5ec9
785dcc
7d5fc7
7e5ac8
7756ce
7856ce
7657ce
795ec8
7c5ec6
7d5fc6
7f61c4
7c62c5
8069c2
8770bc
8368bf
8265c1
8063c3
8363c3
8061c5
7e5bc9
7d5aca
7858ce
7b5aca
7b5bca
7c5cc8
7a5dc9
7a5eca
7f66c0
8f7da1
978f82
9e9770
989e67
979f63
7d9a6c
83996c
899b6b
6f9772
87996b
658e76
5c8978
6d8e73
6d8e74
7e8c74
798e72
7a8f6f
698d70
628876
7a8677
868675
6e8574
598476
5d8277
6c8378
7a8474
788076
778179
79807a
7c7f7b
7a7e7a
857e78
7a7c7a
727e7c
687b7f
557980
587a80
66757d
6a777d
64777b
61767d
59777e
577581
61747e
5a7681
5b7a81
667980
73747f
69777f
677680
72727f
73747d
72757f
a94e95
aa4c95
b24a93
b04794
ad4496
ab4898
ab4997
b44b91
b54a92
b64e92
a84f99
9451a2
865898
805f8e
666d88
7a6888
716e83
6c747e
417b7f
4b807b
69837b
978378
a98176
9e7a7b
a57a7a
a97f78
a37c7a
907a7e
937a7d
907c7b
737a80
5d8279
548877
45827b
568876
588a73
568875
658874
669371
7c9967
6f8386
6a69b5
7565c2
7f6abd
8a6fb4
876dba
8167c1
7e63c5
7c61c8
7c5cc8
7b5acb
7657cf
7756cf
7759cd
785ec9
8163c2
8162c3
7c61c6
8268c1
8267c1
846bbe
8668bd
8468c0
8264c3
8363c2
7c5fc8
7d5aca
7e5cca
7b59cd
7d5aca
8261c6
805ec7
7f5cc7
7e5acb
7a57cd
7859cf
7c60c3
8071ae
898e88
889c72
799b70
7b9972
6e9472
759771
7c9b6e
7b9671
779472
6e946f
77966c
629173
608e76
638e74
6c8970
6a8b6e
658d6f
768a71
818579
848879
848676
8d8578
888279
83847a
838179
7c7e78
6f8079
74817a
81827a
757c7c
6b7d7d
727e7c
70817b
65817b
697c7b
63797e
62767e
61777f
62777f
587781
597781
607582
5e7782
637d81
75767d
72757f
6e7780
767480
6d7380
707681
ae4c92
b04793
b24994
aa4599
ab4998
ab4b96
b34692
b84490
b44894
b35193
a54f9c
9b539d
8e5997
706590
69668f
84638d
656a87
5b767d
54797d
5b7c7b
80797b
8d777d
957b7b
a17d7a
9d767a
8f757d
94787e
9a787c
95777c
8a757d
69787e
3f7d7f
3a847d
4c8777
5e8a70
71926c
689170
609272
71956e
748b7b
606da8
7666bb
826ab7
846ab9
876cb6
8b6eb4
896db7
8b6bb7
896abc
8363c0
8061c5
795dca
7b5bcb
7c60c7
7d63c5
8465bf
7f5fc4
7d62c6
8066c3
876abc
856abf
7f62c6
8062c5
8060c6
7d59c8
805cc7
805dc8
7c58cb
7958cd
7d5ac9
815cc8
835dc6
8860c1
8761c0
8562c2
8560c2
815ac8
7a59ce
7a65c0
717d97
8a9971
929f67
89986c
819b6c
75996f
7e976d
79986e
81996c
739670
6f9470
689173
628d75
77916b
758d6c
668971
6e8b70
758f72
738b77
798873
678179
65807b
6a7d79
717b7a
707f7d
72817c
80827b
868276
817f78
7e817a
727b7a
67747c
567c7f
5f7f7e
647b7d
567880
4f7a82
5f787e
627781
567981
61797f
647880
667a7f
767a7c
76787f
6e7981
737480
727381
6d7583
ae4497
b24a94
ad4e95
a34f9c
aa4e97
b04695
b84490
b94593
b14c97
ab509a
a14aa0
92539e
895a9a
736793
806590
7c6b88
607184
577380
4f7a81
6e777e
846f7b
886e80
946a82
9c6883
8d7082
907480
9d767d
a07e7b
9c7f78
907f75
777c77
38807e
3b837d
50877a
578873
668b71
6b926f
70946f
6d8d7c
687995
6b67b5
7860c1
8062bf
7960c4
7962c0
7f66bb
8667b9
8f69b5
9270b1
8d72b3
9272b2
866fba
8069c3
866bbe
7e66c4
7e63c4
7e63c5
8065c4
876ebd
876fbc
8168c2
8167c3
8769be
8161c3
7f5ec6
7e5bc8
7c5acc
7959cd
8161c3
8c6ab9
926db3
9571af
9773ad
9872ac
946fb1
8e69b6
8f67b7
8760be
8258c7
745ec0
7c8093
8d9771
819870
819a71
7e9a70
80986e
7d966d
799470
799172
709372
6f9670
799370
78916e
738f6f
7c8f6d
6c8d71
648977
658e74
738a76
7f8873
758975
808373
7b8173
738179
717f7a
6e7f79
777e7a
757a7c
708180
82847a
908179
777c7b
637e7c
6c7c7c
587880
587c80
5d797e
60787e
5b7881
607680
6e797e
667a7f
6a7b7d
79777d
77797f
6a7781
747381
727483
a1499f
a95097
a64f99
a74f9a
af4b95
b34794
b44693
ae4699
ad4b99
a74a9e
954da3
974da0
92529f
7f6492
7c6a8d
706f87
606f85
557684
7b7a7e
76777e
83747e
996984
9b6688
a76d84
9e7184
a3737f
a17c7b
a4817a
a08478
9a8373
918075
758379
5e847c
688179
6c8977
768975
728d73
6b8f75
648287
636ea7
7462bf
7a5ac7
7557cc
765bc8
775ec3
7262be
7364be
7960c1
8265bd
9772b0
987aa6
9d80a2
9a7ea7
977daa
8975b7
8570bd
816cc2
7f69c3
8a72ba
8871ba
896fb9
8268c1
8269c0
8166c2
876abe
8164c3
8067c3
8871b9
9c7aa6
aa7f99
a87a9a
a075a4
976eae
8f66b4
8a66b4
8a66b9
8766bd
8a64bb
8960bf
8158c9
7363bf
758096
7c9278
849a6f
6d9378
709473
84966c
7c936e
749073
7a9571
769671
88946d
768e71
758973
6c8973
5a8677
658a77
618877
6f8874
838b71
858a70
7c8475
748375
7b8376
7e8176
767e79
6e7e7c
757e7d
747f7e
6b8080
6e847f
8a8579
8a7f7a
787b7c
587b7f
5b7c7f
5f797f
5f787d
64757f
5e7781
6b777f
6c7b7f
6d7d7e
7e787e
83777e
6e7880
727481
787381
9f529b
a75495
a75497
ad4f95
b04a95
b14c95
b44894
ae4598
b14997
a9469f
9749a4
9948a1
86549f
776690
78678c
67698e
667283
647e7b
6d7a7d
747b7b
8e737e
8a6f83
987085
8d6f83
937980
a1757e
a5777c
a17e7b
9e8178
a78177
8e7b7e
6c7f80
61807e
5c807b
5e8d71
6e9170
588a76
6b8b75
637f8f
686bb1
7a5dc3
7b58cb
7454d1
7757cc
765cc7
6b5ebe
5a66af
5269a8
5967af
6a67b4
8069bb
946faf
9b78a4
997ea5
947bab
967ea9
8e7bb1
8876b7
8973b7
8d77b3
8a72b7
806dc1
8b76b5
8f7bb0
9b7ca7
957cac
9d7fa3
a37e9e
a277a1
9e6ead
8f63b9
805fbe
7c5fbc
805cbf
825cbe
865fbf
825fc3
8461c2
8d66bb
895ec0
7b5bc9
746bb7
888989
839673
769376
779774
7e976e
89946d
688c74
708f74
7d956f
83916f
6d857a
838678
778577
5e8579
708c74
778b73
6c8678
698479
738673
7b8375
7b8275
7f8274
7c8177
7e7f75
767d78
697d7e
6f7e7d
717d7e
6c7e81
737e7f
6d7e7e
667f7d
61807e
627f7c
5e7c7d
67787e
78787c
66797f
67797e
787b7c
737c7f
7b797d
85737d
7a767f
757381
7b7480
a35595
a85496
ad5193
b14d94
ac4f96
ae4b98
b04796
b04897
b14b96
ae469a
a9459d
964da0
84579b
826092
6d668f
69698a
746d83
696c84
606c81
5d6e84
697582
93767e
9f7382
91757f
977281
917183
9a797d
ac7f7c
af7d7c
a0787e
747a7e
51807e
50817c
4c817d
52857c
5a8c76
638e74
69887a
667c95
6c68b8
775aca
7655d0
7856ce
795acb
7d5fc7
8667bf
7860c3
5f62b7
4968a3
397092
506ca1
7f63be
8a66b9
8e6db2
8f76af
957caa
947fa9
957fa9
967ea7
9d80a2
957da9
8d7bb1
9a82a5
9b83a5
a380a1
9778ad
946fb1
8e66ba
8c5fbd
7163b2
4e6b9f
496b9e
4b6aa3
5568ac
7060be
835fc0
8863be
825dc6
8760c1
895fc1
7c58cc
7461c0
7676a0
7b8c7d
779378
7b9474
84946f
819371
7b8c73
738d72
7f8e6e
638a79
6e867b
75887a
8b8a77
928974
7b8775
798874
748b73
758876
7c8675
7e8570
7c8473
7c8072
798174
767e77
7b7a77
74797c
6e777f
64787f
587b80
667d7e
7b807b
76807d
65817d
5f817c
788178
717c7b
747a7f
717c7e
707a7c
757a7c
717a7e
71797f
7e747e
82727f
7c7480
7b7480
af5491
ac5495
ac4f96
a84f99
a74d9a
b04697
ad4298
ac4499
ac429b
b04298
b24596
a34d9b
865997
835c96
6c6090
646989
616e85
8b6583
746c81
657380
887680
9d6c82
936e82
8e7382
997682
a87d7d
b67f79
b27a7c
9d787f
917b7b
87807b
7a837c
70817d
6f807b
58857b
6b8b76
7b8b74
65867b
667a9d
7069bb
775cc9
7857ce
7658ce
7b5bc9
7f64c5
8c6cba
8c6bbc
8d6dbe
8167bf
6365b4
3d6d97
4c6fa1
7f61bf
8c62b8
8c6cb4
866dba
9278ae
917fac
a1809e
9f809d
927eab
9d82a3
9b7da6
9576ae
926fb4
9067b8
8c5fbe
865dbe
5a6aa6
457691
54749a
716faf
7b6eb6
7f6db1
7764bf
7b5fc6
835ec4
7f5cca
845fc5
815ac9
7c56ce
785cc8
766fab
758986
7c9375
779078
8e8f71
718d74
688b76
6d8c72
608479
57837a
738972
688675
5a847c
78877a
8c837a
7f8876
818e71
7e8975
8a8874
7a8573
798874
8a8570
88816f
817e72
7c7b74
7b7e78
797c7b
71787f
687980
6e797d
6b777c
767d7d
85827b
727f7c
61807b
73827c
727d7c
6f797d
687b7f
717c7f
7a7a7d
77787f
7c797d
89757c
82737e
80737f
ad5193
a75296
a3529a
aa4f96
b54c92
b34696
aa449a
a341a1
a6419d
b04298
a9439b
a44a9c
8e5b96
7f6092
875a93
5e668f
516e88
786685
6d6c80
677682
916a87
936683
976e83
9a6d85
a37283
b17c7b
a5767e
9b757f
987b7b
9e8079
a68578
9f8476
7a8475
6a8573
5e8675
5b8579
558878
4e8480
62799f
6e6ab9
745bcb
7658cd
7959ce
795ccc
7b5ec9
7f62c7
8263c2
8a6bb9
8669c0
8a6cc1
7b69bc
466c9f
4f70a3
8464bd
8765b8
8468bd
8268c0
876fba
967aab
9c80a4
987da8
9577ad
906eb4
8a65bc
8c63ba
9162b8
885cbd
5266ad
4e70aa
7d6db7
876dbc
8c6bbc
8a6dbc
8e6dbb
8c69bd
8b68bd
8461c5
7f5cca
815fc8
7e58cb
7951d0
7958cc
6d6db2
748784
828e76
758978
798b78
888776
6d8677
628c74
6b8876
778a72
778b74
848b74
798a72
5f8979
61857b
76847a
56827c
698678
828872
928873
868575
888373
908273
988374
927e73
897d74
848077
737e7e
6d7680
72757c
73757b
617580
557c81
738080
71807b
65807d
73817a
7a7e7a
737a7e
727a81
787a7e
797a7e
867a7c
947779
85747c
80727f
aa5892
a45498
aa5893
b15490
b14794
ae4199
aa419c
a7409e
ae4498
a9479a
a7419d
9d489e
92549a
8a5996
7e5d96
4d718d
626e88
716c85
6e7283
8a6d84
8b6089
74678b
886989
956985
a57880
9d6a88
866689
9d787f
ae7d7a
ab817b
958179
7a7f79
587f79
517f7c
3d7f7e
328580
638977
788679
6d779f
7168bc
735ec7
7559cd
7857ce
7960ca
7e65c5
8065c5
7b63c8
7b65c8
846fbf
8e75b5
896dc0
765fc6
4e66b0
5f6cae
8b68b6
8563be
7b5dc8
805ec3
8768bb
8e6eb7
906eb5
8f6cb6
8966bd
8a61bb
8f62ba
885fbb
5f60b9
6168b6
836bbe
8d6dbb
8b68bb
8667bf
8b67bc
8d68bb
8b68be
8865c1
7f5ccb
7a57cf
7e5dca
7c57cc
7a52d0
775bca
7572aa
708887
718b7c
878d74
768b75
5a877c
7b8978
878776
698874
688874
688a75
6c8c79
7f8e77
868c73
7c8b75
7a8975
838678
6a8376
6f8674
7e8874
8f8871
818374
807f73
808076
8e8275
8f8077
877d7a
847f79
7b7b7b
71797d
627980
617681
5c7980
5c7b80
72807e
67807d
69807e
79827a
847e7a
737c7d
727b7e
79797e
81787e
8d727d
85737e
81747f
a85892
a55992
af5b8d
b24e92
af4396
ad4599
ac4999
b14696
a8469b
9c47a2
a6469e
9d4b9d
915499
8e5a98
7a6691
6c698d
7a6589
4d6f88
637086
866586
865d88
86668a
a06b87
a07383
a36d85
9f6c87
ac7680
a37480
997582
997e7d
807e7f
958478
998377
77817b
5e847b
75867b
65837c
50827f
607a97
746aba
7563c7
775dcb
775acd
7b5fc9
8268c2
7f6ac2
826cc0
8773bb
947aaf
8e73b7
7d69c6
8164c7
765bcc
5b61bd
7168b9
8665bc
7e5dc5
7e5cc5
8a5fbb
8460c0
8763bf
8864bc
8964bc
8e67b6
9166b3
6e5ec0
6a5ec8
8666c2
8567c1
8665c1
8363c3
8261c6
825fc5
8360c6
8161c9
7d5ecc
7b5cce
805fc9
805dc9
7854d0
7856d0
7c60c5
7071ae
71838a
718f77
6d8a78
898878
80837a
54857d
698d76
848775
6f8475
5d8179
55857e
62877a
5a867f
65857e
66877e
938779
a08574
7a8874
828577
8e8872
878971
8f8771
8f8472
898473
898477
918377
9b8077
958277
8f8478
7e7f7d
727d7d
737b7c
6d797d
647b7f
71807b
72807c
717e7d
807b7c
7c7b7b
737c7c
7a797e
7d797f
827680
8a727e
84757d
a75693
ae588e
b25790
ae4894
ae4497
aa4b97
a64c9a
a94b98
a8479b
984ca3
a44a9d
914e9e
945499
8c5898
7a5e94
6b6291
69688b
526e89
836c86
8a6383
815b8e
93638d
94688a
786a8d
8e6e88
9e7187
956b88
8e6c89
987982
967f7e
997f7d
8f817b
7b837d
74837b
878676
68817a
4f857c
5a877c
5e7c92
6c70b0
745fc9
775cca
7a5ec9
7862c9
7e68c3
8a72ba
9179b3
8a75b7
8c72b9
846bc0
8872be
806cc4
836ac3
765dcc
625ec3
816fb0
8b6cb4
8665b9
8c66b6
8763bc
8562bf
8663bd
8d6bb5
8e6fb0
7960bf
7058cd
8463c5
8063c5
8065c5
8063c8
7e62c9
785dce
795dce
7a5cce
795ace
7a5ece
8061c9
7f5dca
7b57cf
7b55ce
7b5bcb
7b64c1
7273aa
73818d
7e8c79
7d8c74
56877c
6a877e
7e817e
6d827e
5f8977
8a8a72
67847d
728181
7a867a
6b877a
66817f
4d8183
568283
81827d
978776
868774
8a8573
948873
8a8774
8c8375
8f8574
868477
8a807a
867a7d
887b7c
78797f
707981
777e7f
7f817c
7f827a
78817b
757f7c
847e7a
717b7e
787c7e
7e7a7d
797b7d
797b7e
80787e
81787d
89747d
8c727e
b0578f
b25b8d
b2548e
ae4995
a94c97
a1509c
9e48a0
a4479e
a9449b
9c45a0
a0479e
984e9d
a25298
87589a
6f5d9a
60688e
70668a
746b88
886785
77618a
77648c
996888
8b6190
79678c
926b89
91608c
935b90
96668b
a27c81
9f7c7e
917f7f
80837c
998778
9c8578
7b837a
81837a
78837b
4b867e
65828b
697aa1
6569be
765dcb
7a62c8
8069c3
8069c3
816ac3
866fbe
8872bb
866fbe
836bc2
856dc1
7f69c5
8268c4
8164c5
6f5acf
6261bf
8173ad
896db3
8865b7
8465bc
7e64c2
8466ba
8971b0
7866bf
735bca
8567c2
886cbf
8267c5
8569c2
8166c5
7d63cb
7f64ca
7a61ce
785bd0
7a5ad0
7a59cf
7c57ce
7a55d1
7b54cf
7957ce
785fc8
7969b9
6f73a4
7d8484
738879
718879
66857b
69857c
6d8679
67857e
868779
708777
688579
4a827e
69837d
78837c
64857d
70857c
86827b
72827d
83837b
968276
988474
9b8375
998576
988175
907a76
86787c
80787f
85787d
857a7e
84787e
79797e
6d7b7d
687e80
717e7d
757f7c
6f817b
788178
7e807a
7c797b
81797c
80787e
7c7c7f
84797e
85787c
88757c
8a737f
b1628a
ad5e8c
aa5295
a45198
a75097
a34d9c
9f4d9c
a64b9a
a7499a
a04c9d
a24a9c
984f9e
9c529b
8f569d
835b99
6e6392
4f728a
856988
895c8a
6b6091
87638d
8b608c
8d628c
8a5c8f
895b8f
92598f
935a92
9f7385
b0817d
a8837a
9c857b
a58777
a18578
87817f
95827c
7d7f7c
378480
46867f
668387
697a9d
7274a7
7362c4
795ccc
7c64c8
7e68c6
8066c7
7a60ca
8266c5
7d62c9
7e64c8
7f64c7
7f64c8
7d61ca
7d60c9
7d60ca
6c5cca
7b70b3
8a73b0
8a71b4
9276ad
9076ae
8e76ae
7f6aba
735eca
7f64c7
866bc0
856bc1
886cc0
8165c5
8266c5
7f63c9
7e61cb
7e62cc
7d62cb
7f60ca
7b5acd
7e5acd
7953d0
7a53d0
775acb
8567bd
796db3
76799a
718281
67877c
6c897c
758878
59867d
7e8579
448281
5d857c
87877a
898777
738176
47847f
66887e
89867c
93837a
708479
90837b
958079
817e7a
988178
9c8079
9d8079
a38077
9b7a77
997f75
997f77
957d78
937c79
8d7e7a
88807a
818178
7c807b
7a7d7c
6e7a7d
667c7f
707f7c
818378
887f79
8a7d79
86797a
7e797c
84797d
91797b
8d787b
89767d
ae6489
aa5a90
a15699
a65893
ad5093
a65494
a64f95
a94d97
9f519a
a15497
a84c97
974ca1
9a4e9d
994f9a
95539a
766393
5a7288
a15b8a
886089
82648a
8a6289
61618f
856a8a
815d91
895691
9c5491
a86c86
b17f7c
ac817e
9c7e7f
9d827f
a7847b
87857b
9a837a
8b7f7e
478481
74867b
7c887b
7d8879
897f88
7d71a3
7767be
7a62c7
7c60c8
7a5ecd
7d5eca
775cce
775dce
7a5eca
7a5fcc
785fcc
7f63c6
8165c5
7f66c5
7c65c9
816dc0
8871b4
896db4
8f71b3
9272b2
9273b1
8b72b5
7a64c5
7e64c8
866cbf
866bc0
806ac4
866dc1
836cc2
8369c4
866cc1
8268c6
8267c7
7f61c9
8362c5
7a56cf
7952d1
7851d2
7855d0
785cc9
7b6cb5
827a9d
7f808a
60847f
72897c
76897a
78807e
537e81
5b847e
82837c
5c857d
55897f
a08a77
a98477
6d8481
6e8485
908283
96817e
90807a
58847c
94827b
9a7d7a
8b7f7a
937f79
947b7b
9a7b7b
a47d75
a27e77
9c7f79
a88376
978079
8b807c
8b7f7b
837d7c
6f7b7f
6f7c7e
737b7d
6b7a80
6f7c7f
7c7e7a
767a7c
7e7d7b
927b7a
8b7a7a
81797b
917a7a
8c787b
897780
a3628e
a15895
a75693
ab568f
a44f97
a95093
b05090
ac5193
a15895
995993
a54f95
964d9e
9d4e9e
a24a9c
87569d
696991
7a6a8c
935b8e
7f648b
936886
846088
7e5f8d
81638c
865792
9b5094
aa6289
ba797f
b07882
927a87
867a88
a7837e
a2847f
79867c
96857a
88847d
a17f79
76817c
878478
867f80
678285
6677a0
766eb4
7664c4
7c62c6
7b5fc9
795bcd
775bce
785dce
765bce
7b5fca
775dce
7e62c9
7e64c8
7e63c9
7c63c9
775fcb
755fc7
8262c2
8965bc
8866be
8664c0
7c64c5
7a63c9
8064c7
7f62c8
7e62c8
876cbf
8369c1
8063c6
8064c5
8065c4
7e60c8
7b60cb
8461c4
7c59cc
7752d2
7650d2
7753d2
7959cd
7662c4
8972a7
737e93
848380
75867c
67867b
73857a
5e8680
76817f
6d817d
62847e
6f847b
62867e
4f8781
91857b
8e8184
7e7d91
847f86
8f847a
958478
888579
7b8477
a1807a
9c7f7c
987d7a
947c7a
a17c7d
a27a7c
9c777c
9b787b
9d797a
947d7a
8c7a7f
80787e
797681
727880
75797e
737a7f
73797e
727c7e
847d7b
7f7979
7f7879
81767f
8f7c7c
917c79
89787a
897a7a
88797c
a15f91
a35993
ab578d
a55493
a25297
a95191
aa5690
ad5391
a2598d
9f5791
9e4d9b
984aa0
984f9f
8c549f
875c98
736394
835e95
7e5d95
79658e
8c6485
845f8c
8a6886
8e5c8d
9a4f93
a3608e
b27083
a47286
95738c
8e768c
8e7e85
ac8080
8a7f83
8a877d
b38575
b58278
98817d
918277
868279
5f867f
7b867b
6e7d93
7772ac
7667be
745dcb
775fca
7a60c8
785dcb
795ace
7557d1
775ace
785ece
795dcd
795ecd
7759d1
7557d3
7156d4
7159cd
815ec3
8360c4
845dc3
7d5ac9
755ecd
7e64c8
7b5fcb
7d65c8
8367c4
8367c3
7f63c6
7c60c8
8065c3
8366c3
7f61c7
7c5bca
7957cf
7956d2
7956d0
7956d0
7759d0
775dcb
7b64c2
6c71ab
798186
638581
8f837e
69827c
6a8778
6b877a
568a7b
8d8879
a88278
66807e
6b857b
828680
a0877e
9e8581
967d85
787c84
517f83
6b8382
a1847a
928476
948179
9d817a
9b7f79
9c7a7b
99787d
9a787d
a57b7d
a6797c
9c717d
906c82
7e6b86
6c6c87
717284
7c747f
737980
747a81
707a81
727f7f
847e79
81797b
82767d
88777c
83797c
8d7c79
8e797a
907b78
867b79
a5608d
a85d8c
aa598d
aa5691
a25991
aa5a8e
aa5b8e
ab5690
aa5b8b
a25294
974da0
9f4a9c
944f9e
8c589c
7b5d9b
756096
975692
845c92
79648d
84668a
79678e
9b6587
8f5c8f
a5668a
a2688a
9b688e
7d6996
7d738f
987b86
997c83
957888
777d87
a4837c
8d837f
a2837b
b68576
af8475
908675
8f8777
7d847c
787e86
6f759e
8071ac
756bbc
846fb5
876bba
755bd0
7352d3
7354d3
7759d0
7b5acb
7557d0
7359d2
7657d1
7557d1
7656d1
715bcd
7d60c3
8c67ba
8b68bb
7661ca
7861ca
7d60ca
7c5ecb
7c5cca
795bcd
7e60c7
8265c4
7c61c9
7d60c8
7e5fca
7e5fca
7e5eca
7a5acf
7b57cf
7a56cf
7557d1
8166c3
8467c1
7269bc
7f7e8d
6c8480
73857f
66857e
91857b
68857b
688a79
768b77
688a79
858a7a
b18576
887e84
898288
a38783
a68781
9f817c
8a7e7b
567f82
3e7f81
7d817f
a2847a
918277
9f8178
a97e7b
a27c7d
a67b7b
96757d
9d6f82
9f6d81
9a7180
946882
876683
7f6c85
7a7284
7b7480
6e7882
6a7883
6b7980
717c7e
807b7a
7c777b
80757d
86777b
85797a
85787a
8b787b
93777a
8d7978
a46389
aa5f8a
ae578c
a55d8c
a56389
b15e88
a7578f
a8598f
a75b8d
9c4d9a
934fa0
9c4e9d
9b509b
99549a
815b9b
805a98
955792
8a5c90
895d8c
7b6489
886889
8b668a
7e688d
896491
815f93
886992
816793
87758d
957887
8d7b88
947b86
ac817b
918282
708582
b18378
a88576
af8376
ac8279
85807e
86827e
718380
828483
96808b
8a7a9b
7d69b9
7261ca
6f57d1
7056d1
7457d0
7455d3
7756cf
7557d0
7655d0
7654d2
7451d3
7654d2
725ccc
7767bf
8d6fb0
8669ba
745ecd
785dcf
7c5dcb
7653d3
7650d2
754ed3
7650d1
7857cf
7a5ccc
7c5dcc
7b5fcd
7c5fcc
7c5dcd
7a58cf
7755d2
7755cf
775acd
7860ca
896fb3
887997
617f8c
7e8284
95837c
6e857b
758681
91827e
5f807e
53867a
6e887a
77857f
968480
a47f83
748189
9a8781
a4897a
a28778
8d8279
7e7d7e
5b7e7d
6d8579
a08577
a78077
927b77
a17d7a
9d7c7c
a17b7f
a6737d
926981
936883
a06d81
a8747f
9d6c80
836a85
747386
767681
747681
667882
6e7a7e
797b7d
7f797c
77797d
7e7c7b
867979
847b7a
807b79
8a7a79
947878
907877
ab6487
ad5b8b
a9608a
a66887
ae6388
ae5d8b
a45c8e
a85c8d
a35592
96519e
924fa0
a34d9a
935899
965499
88579a
985496
8e5795
8f5992
895c8c
7e6288
8b6d84
917385
7f688d
666197
915f90
95658f
95678c
a57189
97768a
997f82
b3837d
937c86
8b7f84
968280
9a827a
b18475
bb8476
b08477
ac8379
93847a
8c8877
9a837c
947e85
8b7698
706bb9
7366c3
7965c0
8a6db1
7861c9
7b5ec8
7a5acb
775ad0
7455d3
7352d4
7354d4
7756d1
735fcc
776cb7
8a76aa
7667c2
745ecf
785ccf
7957cf
7652d2
7652d2
7653d2
7653d1
7858cf
7858cf
7858d0
795bcf
795ece
8161c9
7e5eca
7b58ce
7558d0
765dcd
7461c7
6c6fad
767e89
8e7f81
5e7f86
8c8181
85857a
6b887a
94877e
aa8579
78817b
768380
9f8282
9f8084
9b7d88
848184
678883
8c897c
8f877c
a28576
a28279
888576
898773
9f8674
ab8577
a57f77
9f7a7b
a0787e
957481
a57381
a46c82
a16185
975f88
966886
937283
8f737f
7c7282
727583
797881
707882
657882
707980
7b777b
7a797d
81787c
857979
88787b
867c78
7f7d78
907a7a
8d7a78
aa5d8a
a86388
ab6787
a76688
a96788
ab6589
a6638b
a55c8d
a95293
98519b
9b4b9d
9a5099
915499
9b5197
9b5097
965296
865796
8c5b95
935c8f
86678c
957284
93648d
7e5996
7c5d98
7b6299
946590
9e6f89
996b8d
9c7187
af7d80
9a7986
817b88
aa827e
97827d
a9807c
7c8080
a78278
b48477
ac8378
a5827c
ae8279
8f807f
8e7f7f
7a7b91
817b96
8f769f
876eaa
6c62c3
6e61c8
8569bc
7359cd
7a5eca
765dcd
795ccd
7459d2
755fce
7b69c4
796db7
8471b1
7164c7
7760cb
7d63c8
7958cf
7754d1
7653d1
7351d4
7651d2
7655d1
7557d1
7759cf
775ad1
765cd0
8565c3
8364c3
7d60c9
775cc9
6e65c3
8272a8
717897
667d8b
798382
8a847b
708481
ab847b
868678
7f857c
9e8580
aa7f7e
9b7988
8d7891
9a7c8b
8a7e8b
828284
70877f
6c877e
96877a
97847c
98857b
a78675
a18773
a28673
9c8178
a07b7b
9b777b
96777f
9a7582
9e7281
9c7080
8e6a85
9a6584
986583
8e6685
8c6f82
85747d
757482
7b7581
75787e
70787e
707880
76797f
7d797d
86787a
857b78
88777c
8c7978
7f8076
8b7e78
927c77
a46487
a76987
a66587
ab6788
a96888
a36b85
a86288
a45890
9d5797
9a559a
985299
985499
9c5498
a05096
a65095
8e5a93
935990
935795
806190
826a8a
966b88
7f5e92
745c96
696097
6b6b96
9a7486
a17784
896692
9f6a8c
af7884
88768a
937c86
a48380
a97f7d
877d85
797c83
887f7f
86847d
b48478
ba8577
b28578
ad7f7c
917f7e
94847d
a87e80
8c7794
7c73a5
7370b2
7f73b0
6e5fcb
705ecb
8069bf
7d64c5
7a5ecb
725bcf
816ac1
7a68c1
766eb6
7c6eb9
7c6cbb
7d6bc0
8969be
785dcd
7d5dcc
7a5acd
7958cf
7251d5
7355d3
7a60cc
8666c2
775ccf
795bce
7a5fc9
7961c8
7866c2
9271a7
7875a2
7a7c92
8d7f87
6f7d84
667f84
808480
98857d
a2827e
977f84
8c8085
9a8482
b2847d
b37b82
7d7690
727d90
8a8186
a0847b
7d837d
5b8183
69857f
85857e
9c847a
9c8775
aa8577
9e8277
937f79
a38079
9f7d79
9c777c
9b7281
a57081
ad747f
a26d80
906884
956b85
916a85
8d6c82
89717c
88747b
7e7480
77797f
717a7f
6e7982
787980
81797b
8d7879
867c78
7c7d7c
89797b
867e77
8c8075
8a7e75
ab6d84
a66786
a96786
a96a86
a06988
a56a84
a95a8d
a15c90
9e5b90
9e5696
a05a94
9f5c90
a55395
9c4e9a
9c5097
8b5b96
8a5795
8d5b8e
7c628f
78688d
936b88
756192
5d6592
705f94
806a8d
a97286
8c6a8d
8b698f
a47588
ac7882
86718e
8b7d86
b7847b
997d81
9b7c7d
6c7c86
84807f
ab8577
b2827a
a98379
af827b
a67f7f
a97f7e
b17f7a
968080
7e7b8a
8c7b92
7f7a9b
8b759e
6768bf
7e6fb4
7265c4
7b65c1
7662c6
7564c3
876eb5
786bbe
7c71b5
8375af
8f76a8
7967bf
856aba
8468c1
7559d0
7d5fc9
7859cf
7c5cc9
8658c3
7557d0
7f62c6
7e60c8
785ecb
8e6fb4
856db8
7963c3
8070a9
897c8c
6b7e8b
a08281
927c82
6e7b88
747b86
9a8181
ab7f81
967f88
ad7f85
a88187
9c8088
bd827f
957c86
617d88
758487
888483
93827e
6e867e
7e857e
7d887b
9e8776
9d8379
958278
98807c
9e7d7b
9c787d
96787e
967380
936e84
8f6a87
976b88
a16e85
876887
7f6a8a
816a88
846d84
8c7080
87747e
7c7680
787780
707783
6e7783
7b787f
7d777d
84787c
867d7a
787e7c
7e797c
8b7a79
898276
878075
a96786
ad6885
aa7081
a37084
a06a87
ac608a
9f5c90
9c628c
9d5b8c
975a92
9d5c92
9d5f8e
9f5494
955695
895798
815897
935d8f
996189
8b5e91
77688f
886889
706093
755f92
7b6191
906a89
936d8a
8f6290
9a718a
a87982
9b6f89
937888
a5807f
9a7d85
9e7f81
9d817f
a08678
a88379
908080
9e827e
96807d
9d7f7e
a9807d
be817a
a5807e
9d8080
9a7b81
897c84
998183
9a7b8a
7074a4
8a799a
8d78a0
766fb3
7e70af
8874a7
8876ab
736cba
8d77a5
8773a7
816db1
6a60c8
7c6aba
856fb7
7966c4
8369bd
765fcb
795fc8
8966b9
7560cb
7f6abc
886cb3
7662c6
7f6cb5
9e7899
7f6fa6
817891
8c7d87
7a7c86
8b8182
a07f83
a47c83
907c84
a87e83
b08181
a67c88
937b96
ad7e8a
917d8c
8a8185
ab7e81
757b81
568384
498881
9a827f
89847c
9a8479
938479
80827e
897e80
947d7c
88767f
8b7580
937481
907082
7e6888
73668a
7b6889
7f698c
917086
956d85
75678a
7a6788
7a6b85
766f86
797583
787a80
7a7781
727581
727980
7f797b
7b7a7c
817b7a
897d78
7d8078
7e7e78
897a7a
807e7b
807f77
9f6e83
a97281
a6737e
a16e84
a7668b
a26388
9d6786
a46387
9b618a
93628d
98628e
9f5e8e
a75690
985593
82599a
8c6090
8c678b
955f8d
8a5f8e
766a89
866789
825990
835c8f
8f658c
756a8f
8d668b
93648c
aa7982
9d678b
956d8c
a57e83
a07984
887b88
a17f80
9a7f7d
a6807a
777f82
7e8082
a5837b
9c817f
927e81
b0807c
ab807b
ae8279
b9807c
ad807e
a4827e
b2807c
957f83
797f8b
9d8085
917e8a
8d7e90
918189
9d8289
947c93
817c99
9e7f8f
8e7a94
8573a0
706ab8
8070ac
8572ab
796fb3
9073a5
7e6cb6
6f6bbb
8d72ac
7368c3
8070af
8573aa
886cb1
6f6eb2
807c93
9f7c84
807b88
8c7e87
9d8181
968181
a17e84
ad7d81
ae7d85
997d8a
a77e87
af7b87
917795
8e7e91
a48283
868283
8a847f
a0827b
7d7e7c
398180
6b857f
ad857d
9e8576
8e8576
8a8779
85827d
a07d7d
88787e
92777c
99777c
98747d
956e82
966683
956783
8c6c86
977581
8a7483
807084
756d83
797182
787584
737782
757781
787680
7a797f
77797d
827c79
807b7a
807a79
887c77
878176
7c8176
807c7a
7e7e7d
847e78
9b747e
a0777c
a67080
a96b84
a26c85
9f6f81
9f6e83
a26485
916785
8d6789
97648a
a15c8d
a35292
975198
895d94
7e648d
88638d
915f91
825f8e
8b6386
84618c
7f5f90
84608e
86678c
885d91
86698a
8e7984
a07087
82688f
967886
977789
887888
a67c82
8f748a
937982
8f7982
7a7f81
9c867a
b68479
a9837c
a5807c
9c7f7e
b47f7b
b77f7b
bc7e7b
ac817f
ad837f
b8817e
977c8b
907f87
a58182
8d8183
9e8680
9b8480
938381
918283
918581
a7827f
99827f
9c7e85
8e7d8c
977d8a
967d8b
927d8f
9b7c8b
987992
7c799c
9f7c94
7c73a8
8474a3
897d99
9d7c8e
827899
7f7f90
b1807c
967d84
978085
ab7d85
a98082
b37e81
a5778e
9d7791
a8798d
9f7e8b
ac7b86
90798b
75808b
9f8684
a08480
8b8080
72827e
8d857a
6c827d
728279
90877b
958678
918775
918677
8c827b
95807e
a57e7b
977878
9f797b
a27a7d
a0787f
a17281
9a6c82
937081
8f7280
817283
947280
85707e
7d757f
767582
747782
7b757e
7d757d
737880
79797c
7e7b79
7a7c7a
807f79
807d79
898076
7b8178
817e76
838077
858079
9e757c
a3757f
a07480
9e787f
a17082
9d7086
9c6b87
966e82
886d84
936986
a16289
9f5c8f
9f5594
925893
8d6290
8a648b
9c5e8d
7f6293
8d5d8e
8a6189
88618d
935e8d
825f91
78628f
8f6190
7f6d8e
997387
846f8d
80778a
9b7786
977489
a47b81
927786
957988
9e7882
927783
96807e
a7847a
b08379
a4817c
957d7d
8e7982
877885
8e7a85
ad7c80
a67c86
9e7c89
aa7d86
a1808a
9e818a
a58282
a38483
ab847e
948186
998086
a08284
a28281
997f85
9f807e
a4837f
a5837f
a1827f
988182
a08280
a58281
ad807e
998181
9d7f88
887f8d
957f88
887f8a
a08184
9b7f83
9e8280
a6817f
ae7d82
9d7b8a
ad7c87
a7798c
a6798b
ac7c89
a6798d
917991
a08484
a28082
9e7f83
6c8384
838782
a0847c
9c7e7e
5f7f81
87867b
988379
687f7c
68827b
83847c
94867a
867f7b
88797f
787a83
a57c7e
9c737d
927280
917381
997180
907085
836e85
8f7182
8c6d84
7f7085
8a7383
787085
717483
727381
737582
737582
747281
74767f
7f797a
7c797b
747c7d
848179
7e8078
868074
878073
7b7f79
838076
8b7f75
9d7282
a07581
947c7c
9b787f
a27283
956d89
9a7184
8f737f
8e6a83
aa6784
a16289
9b5b8e
965593
8f5c90
8a6a88
966a86
975e8d
89608e
85638b
8a618b
9c5d8a
885f8c
815f8f
8b618e
886590
796c8d
7e758c
7d768b
817a89
91748c
97728c
89758e
927c84
ab7b7f
9d7586
907586
9a7f7f
ba8776
ac827c
957e80
8c7c7f
7b7786
5c788a
957f83
ad7f7f
937b8a
9b798c
957695
8b759c
ab7d88
957f8f
a67f85
a27d8c
8f7893
9a7d8f
98818d
aa8384
a08385
a28085
9c8683
a08483
aa8283
a48084
ad7d84
a58085
ab8081
9f7c89
8f7c91
a08085
9a7f88
8f7b8d
9f8087
b08083
9c7895
947998
b27d86
aa7a8e
997a97
b28086
a67d8a
a17d8a
a97d89
907d87
868286
a2847f
927d82
6c8089
548586
878581
a47f7d
707e7d
74827c
9d8679
848775
718878
8a847a
998178
957e7a
947a7d
867680
8e7982
a87580
8e7182
877381
817083
816c86
7c6e85
846d85
7f6887
757087
797785
7e7583
6d7583
757681
757680
6e7582
6f7583
7b787e
7b7b7c
7c7b7b
757d7b
818178
7f7f77
827e76
887e76
71827a
7a8477
868376
9e7283
957c7d
8f7d7d
9e787f
9e7083
9b6d86
9a787e
8f757a
9d6883
9f6a85
95658b
9c5a8e
a05893
84678e
8a7082
976b84
9a6089
966389
896788
95608b
97618a
79658f
7e5f8f
87608b
7b5e90
66708f
797a8c
897d87
967c85
7e6d91
8a7090
8c788b
a57a82
a27386
997388
a17983
a57f7d
b1827a
b3807e
917f80
8c7f7e
797f84
95827e
b5817c
997d7f
747d8a
a88282
b67e83
a37394
9a719a
8473a1
ab7f87
917c98
987998
866fa8
887a9e
997f8f
928190
95828d
8c8093
a28286
a47f8c
a27e8c
ad7d88
a27d8b
a87d8c
9c7798
98779c
a77c8e
997896
95789a
997a99
a27994
9c749d
8170b1
9c7b99
a77893
7a73aa
ab7e8a
a77c89
8c7c90
9a8188
a97e81
737b88
857d8a
878082
867b84
437d87
5d8882
9d847e
9f8276
5b827a
7e837d
838679
8c8777
94827c
a27d7b
9a797d
8c7580
8f7683
8f7682
a6777e
947380
8b6f81
896f82
8e6e83
956f81
896b84
7f6884
7e6a85
7a7185
747283
727683
707684
76777d
73777e
6d7481
737580
817a7b
7b7f7b
737e7d
7d7e7c
7f837a
7c8179
888178
7e8376
71847a
75827a
967d7d
8d7d7d
957d7c
a2777e
9d7084
9c7280
997a7b
95757d
986b84
986d84
90658b
9f5c8e
96608f
837086
8d757e
926c82
986488
9a6686
8e6787
896689
926887
7b658f
76648e
8a6188
6d628e
60768c
857c84
9f7b82
7b728d
706d91
91718c
80708e
957789
a77982
9f6f85
967586
a9807b
ab7d7c
a87d7e
9a7e7e
a1817a
9d837b
a6857b
b0857b
8c8082
9e857e
bd817d
a37a88
a5768a
9f7595
8a75a0
967c99
8177a3
99779c
7d66b8
8070ad
8f7b9f
8576a7
8c789f
7c76a8
927a9a
8776a6
967a9b
ac7d8e
927a9d
9c7b9a
8b75a8
8b71aa
9e7999
9774a1
8c70a9
8e72aa
9576a0
9f759a
7c6bb4
8a72a8
a57992
7a76a1
887b93
a47d89
7b7b8f
798288
9f7f83
757b8c
637e8c
868283
9b807d
7f7f83
508482
6f8680
a98579
828676
77847a
8d8578
85817d
98817b
a77e79
93787f
97787c
98757e
a1777f
a4777c
a2747d
886b82
976985
8f6a84
967081
856d84
7c6c85
7e6e83
776f83
6b7587
6d7686
707782
78787f
79797e
627684
717883
7d7b7c
757d7f
6f7f7f
797e7b
81827a
7e8378
838275
828277
72837c
70837c
958379
a07a7d
9a777c
95767d
99787e
92767e
8e787d
8f7181
976c84
9e6d83
8f6588
98618d
9f6787
867381
8b767f
8d6d84
956787
936a84
8b6787
866c86
8a6a87
7a658d
836589
84608c
69668e
877686
a97b81
827587
656c91
89728b
84688d
69728f
957788
a57285
946d8b
a07982
ae7f7d
a57c7e
af817c
b1837b
aa807b
99807e
a5847a
a6827d
947f82
9f7f82
917c86
7a7d8a
987d87
a07a8f
8e779b
7b71a6
7d73a5
8a6eac
7866bf
7a67bd
7f6db5
8272b0
866cb0
8d6eac
9173aa
7d6bb9
9b779e
a0789e
8b6fae
846db2
7d68b7
876cae
9472a5
8e70aa
8e6eaa
966fa5
846dae
9771a2
8e6ca6
6f67b4
937895
9b7a8e
6a7d93
ab8280
a57e83
6f7f89
6d7c88
877d8a
607d89
878381
8a8481
9e837d
7d837a
618482
7f837e
808578
858676
938078
7e7c7f
8f7e7f
9c7f7c
97787d
94747d
8d767c
88757f
92777f
9d7580
966e82
846b85
816b85
876f82
816b83
806c84
777083
7c7184
6d7587
697585
6e7783
757881
727880
6c7880
7c797e
7c7a7e
777b7f
747d7e
797c7c
7b807c
788379
818376
758179
74847c
7b8678
a47b7b
96797f
8b7d7a
a27a7a
97797c
8f777f
8f747f
956d82
9c6e83
966b85
916289
976689
976e82
8f747e
937380
996b84
8e7080
8b7281
8e6985
836c85
8c6989
8d638c
87628a
71648d
716c8b
8d7385
7e7388
6b708c
826d8a
897189
6d6b8e
896d8e
926790
9a6f86
a67383
a57481
ac7e7d
a77b7f
a97f7f
af807c
a77e7d
b1837a
ad827b
a8827d
9e7e80
907c84
957f82
957f84
997f89
987c8d
85749c
736ea7
83759e
8a70a4
7b63bc
7260c3
7f66b7
7b67b7
7e67ba
8c6cb1
8567b8
7e62bf
9570a7
916faa
8566b4
8066b9
7b63bb
876daf
8e6daa
9170a5
8c6fa9
956fa2
7f6ab0
8a6ea5
94709f
6767b1
76759b
aa7f84
767e8c
958282
b1827e
837d88
587c8d
887e84
7d7d87
607f85
93857d
a1817d
7d7e7a
70847d
88867a
898679
8f8178
937e7c
8e7c7f
827b81
937a7f
8b787e
977281
966e81
8e6680
7b6b84
746e86
7e6c87
736b87
6a6d87
766d84
716f86
7a7085
787283
737185
697385
647485
6a7583
717882
7c757f
677680
78777d
7b797d
817a7c
7d7f7c
717e7e
7a7e7c
73837b
7c8279
7a8379
7a8479
7b8479
a27f79
938277
978178
947d7c
927c7c
9b7b7c
907981
907383
947183
966787
996489
947084
93787e
99757a
9b767c
99717e
92777b
8e737f
916e86
846f86
93668a
8e648b
7a6a87
6d6888
7d6b88
816c84
6f6f86
656b8e
787289
776f8b
676391
7b6b90
8f708b
a36c86
9b618a
9a6e87
ab7f7f
a77e80
b4827b
ad7e7e
b17f7d
b0827c
b1807c
af7f7d
a77e7e
a5817d
a3827d
907e86
988087
9d8483
977a8c
77739e
8f7499
7769af
7467b7
8269af
7a66b4
7569b6
826dab
876ab1
7661c1
7d66be
8d70ac
896eae
8067b6
7e66b8
7f67b6
8e70a7
8e72a6
96749c
93739f
896ea5
7e6ca8
716fa5
997592
6a6e9b
677795
978384
a18181
898184
858187
868085
717c89
6b8187
878183
6d7e89
7e8480
af847a
817e7d
61807f
86837c
9f8078
88777f
8d7981
827b83
887982
8b7982
8a7580
8f6d82
956d83
916c84
856c86
7c6e85
856985
816686
796986
7b6c82
6f6f85
757083
747186
747086
707282
677583
6a7684
6c7984
7e7580
677882
6c7982
707d80
7f817a
8b8378
767f7c
787c7d
6e7f7e
6e837d
7b877a
7b857a
72817c
908377
8c7f7c
8e7c7c
8c7c7d
8f7e7b
947c7d
8d7980
8d7182
956a87
966b88
956c84
977380
9b7a7c
9d7a7a
9f7e77
967d7a
95757e
8e7480
8a6f85
817085
946c85
8f6b88
726c88
686d85
7c6c84
866d85
6e7087
5f6d8d
796f87
6a6b8b
6f6d90
8a728b
806a8d
935f8d
8f5b91
906c89
ae817c
ac7b7f
aa7880
a87b80
b17e7d
b1807e
af807e
aa7e80
b6827b
af837c
ac807c
977b87
867a8f
957e89
9a788c
7d6f99
706fa2
766ca6
7f6fa8
7b68b2
7764ba
7966b8
8069b2
6f61be
7c66ba
7365ba
8d72a3
8870ab
7f69b2
7e69b5
7d6bb3
8b6ea5
8570a7
8f759d
a17790
8371a0
796f9d
737498
8c788f
82798d
657792
7e808a
8f8384
a28381
8e8482
7c8284
8d8282
808382
778086
87837f
848580
a08678
a08478
87797e
8d7b80
9e827b
987c7c
917681
857483
797286
777586
927481
766d86
826d88
8a6a85
8a6983
786b86
826a81
796882
6e6a85
6e7084
777082
777380
697584
767085
767082
647583
687884
6b7883
7e747f
717982
6b7c82
6e7c81
73837d
838679
78807e
7c7d7d
717f7b
6a847e
778a7b
7f8a77
7a8578
898577
8e8178
9c7d78
8b7e7a
8a837a
8e797f
8b7b81
8d7581
986e83
957281
9a747e
9b797c
977e7a
9d7f79
92817b
957f79
91767e
8b757f
917183
8e7383
8a7382
946f84
7a7185
707283
806d82
866e85
647088
706a8b
677186
707586
7c6d8c
60728d
80638c
7e5e92
90688c
a6777f
aa7581
a46987
a46f86
b17c80
af7b81
b17a7f
ac7484
ae7d7e
b6827c
b2807e
a67b80
a37e81
a37c83
94798b
9c7d8a
9b7a8e
977792
8c7696
74739e
87729b
786aab
806bac
7963b9
7c6bb4
846cae
7669b1
8e759f
796aab
7c6aae
7466b7
836ba8
8f6ea3
876ba6
81759b
9e7c8c
847794
747597
7d7394
7d7593
8c7a8d
7b7b8e
767e8a
7f8287
a58182
9b8280
818184
727f86
818382
9a867b
888579
97847a
a3867a
a88179
9c7c7c
907583
977e80
a17f7c
987b81
a1767e
866d86
7c6e87
8e757f
6e6885
796a84
796d84
886781
7f6882
806982
7a6a82
696c85
6f7284
747181
6e7281
667483
767181
727280
627783
607883
717981
85777d
6d7b84
757d80
787b80
698081
6e8080
6e7f81
72807c
7f8279
6f827c
69837f
71847d
70837b
9b8970
978075
8a7f78
7f847b
858579
937a7a
8d7980
90777f
9e747d
9c777b
9c797b
967c78
968076
907e7b
94817a
9c8178
917a7d
94777e
8f7780
8a7882
7f7584
89767f
817581
7a6d85
7a6985
756f82
687086
6a7387
777685
796e86
4a6e8a
57728d
7c6f8a
8a6c87
996b87
a07283
996887
9e618a
a66f87
b07782
a97484
a77286
a77484
b9817c
b17d7f
a57e82
ad7f7f
b2807e
a97d83
a97e82
a47e85
a57c89
9e7891
93719a
8d709c
89709a
897497
907398
84739f
8e749a
8d70a0
856da6
86729f
7a6fa2
876e9f
7b6ca6
927495
86719d
83709c
967a8f
9c7d8f
837497
8a7695
927691
837693
9b7b8b
8f7c8b
7a7a8b
8e7d87
7d7d8a
a77e80
887e7d
837e82
768084
a3847c
a77f7b
9f7d7e
ab847c
b07f7c
9a777d
947582
957483
8a7383
9b7680
a17083
896887
866c86
9a757e
6f6a87
716686
716d84
7f6f81
7c6a82
6f6a83
786983
726e83
6e7082
6e7181
697182
657382
757581
657484
5d7684
537987
6b7982
787b80
707c81
817d7a
7e7d7c
69807f
657f7e
657c82
6a7e7f
76827b
6b807d
557e82
568081
64817f
988371
84797a
86747b
808077
8f8574
8f7f79
8f7e7a
947b7b
95777d
9b7b79
998078
948176
938076
7d7d7b
8b8479
987f77
8f787d
90787c
867a7d
81787f
837a81
867b7f
81777e
836d83
766986
617086
697585
797484
747185
6d6d88
566e8c
616c8c
747287
78618f
80668e
967185
8b648d
9c6589
ad7484
af7781
ab7384
a87684
b27c7f
b57981
a47485
ac7e80
b17e7f
b07e7f
ad7d82
a97b85
a97c84
9e7a8a
a57c89
a27a8d
9b7495
967097
9f7990
94749a
9e798f
9c7c90
9a7696
947497
8b7596
867396
8f7395
967497
9d7a90
997696
96759a
9d7996
997498
8c729b
997792
a4788e
a17a8c
a57c89
a07b8a
957a88
9a7d84
7f7c89
a47e82
9e7d7f
997c7f
9e807d
a77d7d
b37a80
a37683
a07b81
b57f7d
ad717f
8e6686
956b86
8e7084
816c85
9b6e83
856986
816888
956f81
756b86
686888
766884
786e82
816c7f
726e82
746d81
7b727e
70727d
737080
677481
637581
6b7680
6d7782
5f7885
577a84
647982
737a81
797b7f
887d77
777b7b
677b82
577e84
617e82
6d7a7f
5c7f81
68817e
587d82
4d7e84
568082
8d7e76
877e77
8b8077
898273
888376
8d7c7d
907f79
878078
90797a
907d77
948275
8d8477
908275
8c8376
958473
927e75
8b777c
817b7f
807e80
83777d
86777e
85797f
7f767e
806e82
6f6d86
647587
727286
796f82
767180
7c6d87
646c8b
586d87
6b7089
6f6590
7f698b
8e658a
716691
9a7187
ae7183
aa6b85
ac7083
ae7780
b37880
a66f85
ae7982
b37f7d
b37c7e
b47d7f
af7d83
af7c81
b07b82
a87c85
a97f84
a87d87
a47b8a
a67b8a
a67b8c
a17d8d
ae7d85
aa7b8b
9a7497
9e7a92
9b7c91
927497
967694
a3798f
a17990
a87a8f
a07698
9b7698
977796
a67c8d
ab798b
ab788a
ad7889
a3778d
a17b89
a37c85
9d7986
9e7a87
a57d84
b08080
b0797f
a97484
b07682
a97484
b07883
a17584
a87880
b37181
9a5f86
8e5e8a
946687
8e6884
836f83
916687
77658d
846886
866382
626886
6d6b83
666f84
6c6e81
6b6e81
716e81
717281
6d727d
667182
607285
5c7283
69757f
6b7781
677981
5c7a83
607c81
747c7f
737a7f
817a7a
627c80
667b80
5c7f81
70817b
797c79
627c80
5d7d81
587c84
537d84
527e82
888475
898475
858776
7f8677
8a8477
8c7a7c
828279
8b8178
8a797d
8d8376
888477
8b8875
928674
9d8674
948574
8f7e76
8b7b7a
7f7f7c
7c7c7f
877c7e
867a7e
797682
7b7581
7e7182
6f7083
777285
637284
736e81
626f84
677287
666c8a
646c8a
58778b
7b6d8b
6e6d8d
756590
786f8b
a67383
98618d
a46489
a86986
b1797f
ac7285
aa7383
b47d7e
b37a7f
b17880
ad7484
aa7784
b27d81
ad7685
ab7c84
b48080
ae7c83
a47b89
a67f88
ab7e85
a97c88
9f7b8b
9c7a8f
9b7891
a27d8d
a97e89
a57b8c
a97c8a
a67a8d
a17790
a5798e
a27691
9d7793
aa7a8b
ac788a
ac7a8a
a8778c
a3778b
a6758b
a37787
a07888
a2768a
a97785
af7a83
b17c82
b27981
ac7882
ae7484
ad7383
ac7087
a86e87
9e7484
ab7184
a26086
905c8d
88628b
966089
7b6688
756988
7b698b
796988
7f6285
676685
616a83
597083
617083
656e84
587185
5c7282
647281
617382
627483
577482
637680
5f7a83
647883
5d7984
6c7a80
6b7c7f
6b7b7f
847c7a
617d80
5d7c7f
647e7d
657e80
5d7f80
647e81
5f7c81
617e7f
647d80
557b82
828277
8b8776
848c74
8a8b71
918275
878079
868677
937b7b
917e78
918874
8b8975
918774
9b8772
a58970
9b8572
8b7e7a
937f79
8e8278
7b8079
968576
977f7a
7e7981
7f777d
7f727e
737082
736d84
687382
7a7181
6f6e86
657088
686e89
75688d
696b8f
866d89
5c728b
6b6991
9f7087
8f638f
975893
b25e8c
b16689
b57383
b06e87
b57183
ba7880
b57481
b57581
b06e85
b57b81
b97c81
b67783
b77883
b97a82
b47687
b37986
b27a86
b47a86
b97f83
a9788b
af798a
a6768d
a0778d
ac7d89
b67c87
b27b89
b17b8a
b0788a
b1778b
ab758f
ae768c
b37789
b0758b
b1758c
b0748a
b47688
b47886
b37687
b57685
b37486
b17187
b37486
b47185
b26d86
b16c88
af6d87
b66986
af658c
a8638e
a96d89
b06f82
9d5d89
8e5a8b
8b6089
8c6188
7d628b
6f6589
7a6589
7c6985
716885
646a84
5f6d85
5a6e82
586f84
606b85
556e86
4b7386
5e7181
6c6f81
6d7280
537685
5a7880
65787f
687a81
5e7982
747980
637982
6a7980
827b7a
717c7e
627f7e
6a7c7f
577c85
557e84
637e80
627d83
5a7e80
667e7e
5f7c81
6f8477
698278
6d8977
748b75
758279
718278
758579
767f7a
748178
718277
718677
758674
798775
848772
7d8573
6f8279
6e8279
718279
66817b
6a817f
75807d
687b7d
637b7f
63787e
6a767d
5d7481
647580
64747f
5e7281
4f7785
4e7687
5e6f89
636b8d
6a7388
4a7888
607688
797286
5f698f
7e648f
8a638a
916c86
876c87
876d87
917484
8f7782
917681
907683
907882
917a81
927782
907982
907683
947982
8e7584
927c84
8f7785
8e7784
927b82
8e7a85
927a84
8e7688
80778e
887d88
8e7b88
8d7888
88768a
917b87
8f7986
927985
937a84
957b83
917788
907589
907588
947686
8f7a83
927984
917982
8d7585
897286
907385
8d7187
886d89
8c6c8b
8a7089
8e6a87
8f6989
89668c
896e88
897082
7d6588
6a6189
726486
716984
646b86
5d6c87
616985
616d83
5d7182
497682
4b7483
497482
447484
4e7083
457385
3a7685
4c7480
597380
5d7280
427886
457982
5a7a7e
557b7d
507a81
4c7a81
487c82
587981
5f7b7e
587c7e
527d7f
557e81
437c83
447c83
487c82
477a83
427e84
4a7f82
4d7e81
